0,6,0,4,2,794,0,0,166,2,0,0,0,0,24,0,0,2,0,0,32,0,3,0,1,0,151,0,103,0,0,2,0,0,0,815,0,1,0,0,0,1,0,0,0,0,0,2,0,0,0,14,0,336,0,0,0,0,2,0,0,4,0,5,2,0,1791,7,24,0,0,0,0,2,4148,0,3,0,0,0,0,0,0,4,0,0,2,0,0,52,0,0,0,1012,21,0,0,0,51,0,0,2,2,0,29,0,0,0,0,0,0,2,1,0,2,0,0,20,0,1,0,0,2269,0,0,91,0
0,25,0,1,76,0,0,0,1149,0,0,1,0,0,194,1,0,0,2,0,1,0,0,0,0,0,232,0,5,0,0,21,0,1,0,3,0,1,0,23,1,9,0,8,0,5,0,6,0,2,0,0,0,59,1,0,4,0,1,0,0,15,1,1,3,0,0,1,0,0,0,0,0,0,2,8,0,0,0,0,0,1,1,4434,0,0,18,0,0,4187,0,0,0,1,169,13,0,0,4,0,1,0,115,6,22,0,0,0,0,14,1,386,0,0,0,8,0,735,1,7,0,0,22,0,1,2,0
6,0,1,5,155,770,3,0,7,0,2,1,0,3,7,1,4,1,2,1,6,2,2,2,0,0,3,0,0,5,62,1,0,0,0,0,3,5,2,0,11,1,0,11,2,19,0,11,0,2,0,0,0,89,4,162,2,0,29,1,0,1,0,6,0,3,6,1,34,1,0,0,0,13,83,11,596,274,0,0,0,1,0,120,0,0,4,4,0,7722,1,65,1,12,28,0,28,2,11,37,0,2,254,1,0,1,0,0,0,11,6,17,0,0,0,15,990,13,0,0,3,1,205,0,13,7,0
0,0,0,0,3,146,0,4,0,0,0,0,7,1,2,1,0,0,3,2,1,3,86,4,0,0,5,1,1,467,33,0,0,0,0,1,3,1,0,0,36,1,3,0,0,0,0,0,0,0,0,0,319,63,4,0,0,0,11,1,0,1,0,4,12,979,4,0,147,9,4,1,2,32,13,0,611,20,0,0,0,0,0,10,3,0,55,7,4,18,0,0,1016,1185,8,0,0,0,303,0,2,4,0,0,0,3,9,884,0,19,0,4,0,0,0,0,3263,4,0,0,0,3,2048,0,2,107,0
0,17,1,0,172,1,0,0,0,0,1,1,0,0,142,16,2,0,4,3,0,0,1,0,0,0,255,1,2,0,0,1,1,0,0,0,0,20,0,50,2,0,0,16,0,11,0,0,0,1,0,3,5,7,1,0,0,0,0,0,1,0,1,1,2,0,547,0,1,2,1,0,0,5,803,8,0,21,0,0,0,2,0,115,0,0,120,0,0,8733,0,0,0,1,1,1,0,0,49,0,1,37,248,3,78,0,1,0,0,4,0,4,249,5,0,6,0,1,5,0,0,0,198,2,0,14,3
21,0,0,58,138,48,173,1,4,7,0,16,38,57,0,2,0,0,331,5,1,1,27,0,21,0,6,0,0,226,1,0,0,1,29,1,0,2,53,0,532,1,1,13,2,6,0,0,0,77,2,0,11,40,1,62,0,0,806,0,0,0,0,5,5,571,9,0,98,0,65,0,0,9,3,8,39,27,0,1,0,3,2,4,0,1,28,3,14,6713,0,16,25,10,2,1,0,0,8,64,0,2,175,26,0,0,0,0,0,11,20,2,16,7,0,12,4,0,274,0,4,1,234,0,660,6,0
0,19,0,203,10,714,50,1,519,41,8,0,21,18,89,1,0,0,2,24,463,24,17,0,29,0,1,0,9,76,24,40,0,0,0,260,0,6,0,1,288,0,1,1,31,0,0,9,0,1,7,0,153,2759,99,692,0,0,883,0,0,59,0,2,1,0,4,0,1,23,34,0,0,0,59,2,200,1,0,3,0,0,0,1,2,0,159,2,12,359,0,528,394,59,427,0,281,1,31,190,0,231,13,0,6,5,0,0,0,7,212,50,0,8,1,0,0,126,0,0,18,0,878,0,0,26,0
0,25,0,5,132,0,0,0,1,0,0,1,0,1,66,1,1,0,0,0,586,44,4,0,1,1,1,0,2,33,0,10,1,0,0,26,0,13,0,0,0,9,0,10,32,13,0,23,0,0,0,88,5,1,14,44,0,0,65,0,0,0,0,180,2,0,463,4,8,2,4,0,169,1,151,12,0,8,0,0,5,0,0,1252,0,0,1,5,1,7157,1,20,3,4,716,16,7,37,6,1,0,1,178,5,20,12,0,0,0,0,1,1,88,5,50,11,45,0,1,0,0,1,84,0,0,2,11
0,126,1,179,2,6,13,0,1,1,4,1,156,35,619,0,76,15,1,9,0,59,22,0,0,4,297,58,7,52,0,98,0,0,8,4,4,19,2,61,1109,97,0,1,22,0,0,12,0,1,4,1,44,3232,30,12,15,0,1,0,0,88,8,0,2,220,156,12,42,0,59,0,0,19,744,1,7,5,22,37,0,0,0,2,0,0,34,112,24,55,0,3,9,10,2222,6,0,13,3,0,0,0,4,1,31,220,15,0,5,13,1,229,121,14,106,0,49,1,0,6,15,1,138,0,591,9,5
155,51,3,0,33,0,45,1,0,16,3,3,8,0,291,0,0,16,1,4,1,0,6,82,0,2,6,0,4,9,4,1,0,106,0,0,0,13,1,90,140,16,0,3,1,1,3,18,0,123,9,8,8,5620,1,0,0,6,0,22,0,127,0,612,444,107,1009,8,0,0,14,67,0,3,133,1,16,2,0,0,22,2,371,1,0,8,25,0,6,1501,2,0,0,1,3,0,0,0,1,0,0,1,35,1,6,13,10,0,0,13,47,113,51,1,159,3,0,0,7,1,0,0,94,0,1,6,28
127,61,12,0,77,17,1,0,1,0,0,1,1,0,198,1,12,0,1,0,1,0,0,3,15,0,186,1,5,5,1,115,0,0,1,19,0,1,1,1,12,0,0,11,3,8,0,36,0,25,3,1,0,1887,0,0,0,1,66,0,0,42,0,0,1,7,96,3,5,0,1,52,0,0,395,13,7,4,0,0,1,3,1,1,0,0,7,13,1,4542,0,0,0,1,2822,0,0,2,0,0,0,0,121,15,18,0,0,0,0,7,0,320,52,0,1,11,29,431,1,9,3,28,16,0,6,0,0
1,20,24,45,150,1,67,22,0,5,5,0,0,0,199,1,0,0,2,6,0,11,0,0,1,2,5,0,20,6,9,3,0,0,1,44,0,16,14,0,3,0,0,16,0,14,0,17,0,0,2,0,1,1331,0,39,0,0,48,0,0,36,19,0,2,0,0,5,0,9,0,0,71,2,247,11,27,0,9,0,0,0,10,0,0,0,206,24,0,8008,1,4,30,0,59,10,0,2,0,0,1,0,224,2,13,0,2,0,0,74,199,316,37,64,0,17,61,0,1,0,8,0,10,0,23,3,7
4,17,65,10,136,0,15,28,26,1,0,4,6,0,100,2,0,16,221,0,0,0,2,36,8,2,159,0,1,0,3,2,0,76,0,11,0,5,2,205,22,9,0,13,0,10,3,3,40,125,0,6,6,4,8,5,14,0,411,20,2,44,1,26,281,7,21,0,28,1,1,0,0,1,98,15,11,1,0,0,0,6,505,1,0,7,3,5,0,6933,0,4,12,3,57,2,0,0,4,0,1,0,203,4,10,0,15,0,0,3,69,1486,135,4,1,13,9,1,3,4,3,6,79,0,1,2,3
0,1,0,0,46,1,2,0,0,0,0,0,0,0,83,0,1,2,1,9,1,12,0,0,0,7,37,0,1,4,1,218,1,1,0,0,0,10,0,29,15,75,0,7,0,6,0,26,247,2,4,0,0,2559,3,8,0,0,12,1,5,165,2,425,1,5,0,0,1,6,1,4,0,1,1077,1,14,1,0,2,0,0,154,0,0,0,1,34,0,2492,1,1,1,0,2740,0,0,9,0,0,0,1,52,1,620,0,0,3,0,1,1,470,214,1,11,3,1,0,1,2,0,48,0,0,0,0,0
0,10,10,0,78,1,0,1,181,11,0,1,2,0,72,1,0,0,1,15,0,7,0,0,0,1,36,0,4,214,0,59,404,1,1,29,18,21,4,0,13,245,89,7,0,1,0,25,0,1,4,1,5,1743,237,0,93,0,7,0,0,30,167,394,1,14,121,15,21,0,0,58,437,27,803,9,0,1,0,0,0,1,297,2,1,10,3,29,0,3559,0,1,47,0,648,14,3,0,0,1,0,1,92,1,29,0,113,38,160,0,0,129,212,111,1,5,1,17,0,0,0,32,0,0,673,0,21
8,17,0,0,150,0,13,0,1,0,0,1,8,0,93,1,2,0,7,2,0,2,2,9,2,0,203,0,0,4,1,38,0,104,2,2,0,0,3,30,72,0,0,13,0,12,0,0,15,105,0,1,0,454,0,5,0,0,146,23,0,15,0,14,482,33,75,2,2,1,0,0,0,0,272,17,2,0,8,0,0,2,0,1,0,0,1,2,4,7666,0,1,8,53,203,1,0,0,0,0,0,1,219,7,22,0,0,1,0,0,0,60,15,1,0,19,14,1148,1,7,7,5,5,14,42,0,0
93,103,0,1,0,1,46,14,0,6,1,0,2,4,407,0,15,0,1,1,1,52,1,1,9,0,4,17,1,2,2,52,0,0,0,2,6,47,5,241,16,116,26,1,0,0,0,26,0,0,2,26,22,1266,14,11,0,3,115,0,70,55,101,315,0,17,2346,23,1,0,3,7,104,6,932,0,26,0,7,15,0,0,1,1,0,0,14,4,2,7,40,20,63,1,2624,2,4,0,0,2,0,0,1,0,27,0,16,19,0,9,21,2070,44,3,1,0,48,1,0,0,24,25,17,0,49,0,36
0,2,24,0,110,0,8,7,500,0,1,0,0,0,2,0,0,0,0,0,0,0,0,0,0,7,325,0,165,0,0,0,118,0,0,0,0,125,53,9,0,0,0,8,0,8,0,41,0,2,4,54,0,362,0,0,1,0,3,0,0,148,0,0,0,0,45,0,19,0,0,0,39,76,327,13,4,0,0,0,0,0,0,2,0,0,24,689,0,6295,11,0,37,0,3,0,0,0,0,0,0,1,170,2,58,4,0,0,0,0,0,1164,743,35,0,12,0,129,1,8,0,0,0,0,0,0,1
2,36,0,24,76,0,26,0,198,0,0,0,8,3,208,0,0,35,2,0,2,3,0,0,0,0,5,0,32,6,3,5,0,0,0,28,0,192,2,40,165,148,0,12,2,5,0,422,684,2,0,8,2,35,25,0,33,0,0,0,2,8,0,1,3,3,996,11,0,0,12,0,18,32,517,1,19,3,6,0,0,1,1,2,0,0,5,107,4,4507,0,1,22,0,61,44,5,480,0,0,0,1231,99,2,11,1,20,0,0,4,51,990,0,38,35,11,0,0,2,0,0,76,8,0,74,0,8
33,7,8,31,12,0,39,19,20,1,2,1,10,2,36,0,1,1,1,5,0,67,0,0,3,1,2,17,2,20,5,1,128,0,2,12,0,7,5,0,98,7,0,2,4,1,0,10,0,0,1,44,0,144,1,4,0,1,208,0,23,5,10,35,0,0,16,2,0,0,11,84,18,8,71,6,8,0,0,0,5,0,37,8759,0,0,17,4,2,1279,0,7,24,1,84,0,0,36,0,8,0,0,30,0,1,3,20,1,0,31,0,253,1,7,0,2,16,0,1,0,6,10,10,4,15,0,11
0,0,0,0,112,68,396,14,815,0,2,0,1,0,1,2,0,0,2,0,0,0,4,0,12,4,1,0,2,91,0,0,0,33,0,3,0,17,0,44,2,20,0,16,39,17,0,73,0,42,2,0,9,1808,67,39,0,0,48,3,0,6,0,257,166,0,1,0,1,3,9,0,6,3,6,11,0,0,0,0,3,2,6,2,0,0,102,54,2,6438,10,17,0,1,51,3,0,0,6,0,1,257,186,1,0,0,1,0,0,34,244,21,23,18,60,14,0,0,2,0,0,0,154,0,0,8,12
133,17,16,0,0,0,0,8,0,0,2,0,0,0,154,2,0,0,8409,1,0,0,0,0,6,5,14,0,2,0,0,10,23,5,1,3,4,10,14,103,0,57,0,0,0,0,0,2,14,5,0,33,2,5,1,0,4,9,118,2,0,23,24,40,59,0,4,5,0,0,1,4,5,24,380,0,0,0,5,0,0,4,131,0,0,0,12,4,0,35,0,0,11,3,391,0,1,3,0,0,0,492,1,0,39,0,0,11,0,7,253,472,220,3,0,1,23,0,2,0,19,6,5,75,8,0,14
291,7,1,8,134,1,3,122,2,2,0,2,8,2,60,2,0,0,125,1,385,2,0,97,5,26,6,1,3,20,0,10,4,15,5,22,0,5,3,35,103,0,68,14,2,5,4,9,2,36,3,0,9,1273,16,7,3,8,120,2,3,70,0,0,61,71,32,1,6,0,4,4,18,9,148,15,2,16,7,12,1,1,171,2,0,6,2,6,3,6565,1,0,2,6,572,10,2,137,0,0,0,55,204,2,7,27,0,0,0,4,137,72,0,4,21,9,11,103,5,0,6,7,8,6,241,0,6
0,60,0,27,1,51,72,0,1,10,5,1,0,5,309,0,8,2,0,11,0,3,25,1,11,0,27,3,11,8,9,156,0,0,15,0,14,3,22,0,2,0,1,0,0,0,0,21,0,1,4,2,0,1903,0,55,0,0,293,1,0,20,0,252,1,106,227,9,0,3,0,0,186,2,1069,0,44,0,0,0,0,0,104,3,0,0,21,13,0,8,0,29,96,1,2938,0,0,4,11,9,0,0,1,0,47,0,0,248,0,216,0,163,192,4,0,0,0,1510,0,1,63,0,453,31,758,14,1
65,16,48,18,1,1,30,0,0,14,16,0,0,15,88,0,30,18,1,0,605,151,4,806,20,4,223,49,9,243,0,76,74,0,14,2,33,2,9,49,3,16,73,0,0,0,40,6,347,0,6,22,45,2602,0,39,44,1,879,0,153,145,5,308,1,9,80,2,1,27,1,215,99,12,353,0,23,2,11,19,0,0,23,1,0,83,321,10,0,23,4,17,152,33,1017,53,2,3,6,0,3,1,1,0,19,128,0,4,7,244,240,53,1,0,1,0,298,3,0,4,269,36,220,18,350,9,19
0,0,0,0,128,0,5,2,66,8,0,0,0,4,0,127,0,0,2,4,0,26,2,25,4,0,384,1,0,0,0,7,6,0,1,6,0,2,6,105,0,0,2,16,0,5,1,1,112,0,3,6,0,2156,0,0,1,0,117,0,0,106,0,85,2,1,21,0,1,7,0,0,69,0,116,12,2,0,0,1,0,0,9,2,4,1,25,172,0,7493,0,0,2,0,47,0,0,3,0,6,0,1,200,16,1,0,0,0,0,10,0,158,0,1,0,12,13,1,1,11,1,7,8,0,31,0,0
15,0,1,35,191,772,6,3,0,34,1,1,1,0,0,1,3,5,1,12,0,0,1,4,4,0,1,0,0,13,5,0,1,4,2,2,4,0,2,0,18,0,0,14,4,9,0,0,0,2,0,0,3,6,4,16,0,9,100,0,0,2,0,0,7,43,0,0,31,1,2,0,0,0,1,19,41,22,1,0,1,1,15,0,2,0,8,0,0,9778,0,3,264,15,1,0,0,0,1,0,1,1,263,4,0,0,0,0,1,14,4,10,0,0,0,17,16,2,1,0,12,0,34,0,59,3,0
101,15,0,9,124,26,26,1,62,0,2,4,9,1,45,1,4,20,2,6,1,4,1,65,7,1,2,0,3,29,5,37,2,34,13,9,0,9,1,59,109,53,0,12,64,14,4,18,0,48,2,2,1,627,0,3,0,0,124,7,13,15,42,148,128,164,35,0,14,3,8,1,351,0,248,10,31,17,0,11,6,2,1,1,0,9,59,32,1,5854,0,6,12,3,815,2,1,0,3,5,7,7,174,2,8,21,10,2,2,11,1,692,34,0,59,8,0,372,3,0,0,0,9,0,696,2,10
3,35,0,0,89,10,33,2,1,0,0,0,3,26,89,1,5,0,1,0,1,3,0,3,3,0,2875,0,91,3,1,15,0,0,3,51,0,83,0,133,11,84,0,13,0,7,1,15,0,1,3,13,0,1237,0,9,11,0,23,0,0,234,0,0,3,7,73,0,9,11,0,0,95,60,41,7,6,6,0,0,0,3,1,93,0,0,3,23,0,4838,0,3,1,0,99,16,0,1,0,4,0,0,119,2,19,0,13,7,0,1,7,92,387,224,0,11,3,256,3,51,0,19,5,0,163,0,1
1,8,0,9,109,0,19,28,33,0,0,1,3,3,12,1,0,1,2,6,0,5,3,2,0,0,48,0,0,21,0,27,0,1,0,0,8,0,0,67,21,1,0,10,1,15,1,0,3,6,1,0,0,377,4,11,0,0,0,3,0,1,1,0,28,0,1,0,43,0,4,0,2,2,38,21,0,0,1,0,1,0,0,1,4,0,27,2,0,10390,1,18,38,13,6,0,0,0,4,0,0,0,309,0,14,1,0,0,0,0,9,5,0,9,0,21,44,44,0,2,4,0,26,1,1,0,0
2,0,1,0,206,0,38,1,5,0,0,1,1,0,1,0,0,0,0,0,1,2,1,0,0,0,3,0,0,2,12,1,0,1,0,0,17,2,6,1,9,6,0,21,12,14,0,8,0,1,0,0,11,8,0,1,0,0,14,0,0,0,0,0,0,213,0,0,22,5,2,1,0,0,1,12,78,3,0,0,2,1,1,1,0,0,35,0,0,10212,2,0,0,23,8,0,0,0,14,0,0,2,263,3,0,1,2,0,0,15,1,0,0,1,0,23,485,0,1,0,0,0,160,0,1,10,0
15,0,0,0,165,0,25,1,5,6,1,0,0,1,0,1,5,0,0,0,0,50,1,16,0,14,74,2,3,11,1,0,0,5,1,0,0,9,1,15,3,0,0,12,0,16,1,4,0,2,0,0,4,4,3,4,25,0,42,0,56,0,21,0,9,6,0,0,7,0,2,25,0,9,816,19,3,0,1,0,6,2,1166,39,21,0,14,0,0,8671,2,10,3,14,1,1,0,0,1,0,0,0,238,3,7,1,19,4,2,0,0,1,1,7,90,16,58,0,2,0,3,0,23,0,52,1,3
0,9,4,64,36,370,132,54,46,3,0,0,1,0,31,1,4,13,30,2,0,1,4,124,1,4,1697,9,16,23,0,13,226,0,1,45,13,47,9,298,20,0,0,5,0,9,6,30,26,6,0,1,0,975,0,11,1,0,131,0,0,90,6,33,1,19,6,0,73,56,0,1,18,35,70,4,7,0,1,1,6,1,64,1,1,8,4,0,1,2305,9,11,1,6,68,2,4,0,1,37,76,3651,71,5,0,2,11,5,148,4,4,16,1,47,255,2,0,1,1,26,17,0,13,0,143,2,2
74,16,369,59,82,0,14,12,0,5,1,1,0,1,220,2,4,2,4,4,1,6,0,3,1,2,2,7,0,14,1,1,69,3,0,9,3,1,5,0,8,81,19,10,4,4,0,3,420,8,0,183,5,2445,5,12,0,1,22,1,3,123,32,766,11,9,490,14,9,0,1,1,0,5,731,1,15,3,3,0,7,2,0,522,14,1,43,3,1,3870,2,3,41,0,1,4,0,0,1,0,147,154,107,7,68,16,58,0,4,0,26,12,331,5,0,5,12,1,1,0,12,5,10,1,56,0,4
2,3,0,56,4,3,0,0,88,0,0,0,1,0,1,0,0,1,1,0,114,0,2,8,0,0,5479,0,0,16,0,22,9,0,0,4,35,5,5,56,4,1,24,1,1,0,1,39,10,0,2,3,0,1111,1,20,7,0,7,0,0,177,0,36,1,1,18,0,2,0,0,1,9,0,2,0,3,0,0,0,0,0,2,1,10,1,96,410,0,113,4,2,2,0,96,0,0,1,0,3,54,3355,3,0,55,0,0,28,1,28,0,17,0,220,14,0,11,0,0,52,1,23,13,0,4,0,0
1175,13,2,16,4,1,4,0,153,0,0,0,18,0,102,0,3,0,0,0,92,33,1,4,32,371,82,63,0,43,1,7,223,1,30,4,17,0,4,0,146,5,102,0,263,0,0,0,53,0,0,51,179,107,106,21,15,46,698,0,32,44,2,57,3,180,13,4,14,0,21,2,3,25,397,0,25,0,15,56,45,0,117,4,19,2,32,0,11,53,11,3,61,0,479,0,0,41,3,1,821,0,4,1,9,393,53,0,32,11,94,2258,0,0,35,0,18,0,0,0,127,56,22,31,1977,3,0
117,43,1649,13,0,0,6,4,0,0,0,0,0,16,204,0,0,69,0,4,1,0,0,1,2,32,13,87,9,1,0,11,0,0,1,35,0,2,2,117,0,384,0,0,62,0,0,38,0,0,4,116,6,3171,0,2,43,2,119,0,37,102,0,1186,1,0,449,10,16,13,8,147,19,4,355,0,4,1,5,7,0,0,797,0,4,0,10,84,1,13,1,13,12,0,706,15,0,3,0,0,304,0,1,0,22,2,0,8,0,0,0,225,389,1,0,0,0,0,0,1,9,584,16,0,34,0,0
11,25,0,15,0,0,5,2,86,14,0,10,1,4,45,2,12,0,18,0,324,11,0,223,6,15,235,0,0,14,0,14,0,274,3,0,0,22,5,196,22,11,0,0,11,0,14,63,96,2,0,2,20,671,6,3,0,1,100,144,128,70,26,39,7821,65,132,1,37,0,8,52,26,10,52,0,13,0,1,0,30,8,0,1,0,8,12,122,0,27,39,5,11,0,234,1,0,1,2,0,0,39,2,0,38,0,3,5,0,4,0,29,1,0,21,0,1,17,2,5,0,0,27,0,76,0,4
2,1,6,10,142,0,75,5,34,24,6,1,0,11,12,1,1,0,55,12,170,2,0,28,1,3,60,5,0,73,1,2,10,3,0,3,10,0,4,28,6,0,9,15,3,10,1,4,14,25,0,0,1,604,0,64,0,1,7,1,14,44,2,15,25,5,9,1,185,5,0,0,27,0,25,18,45,23,0,1,11,0,29,255,15,0,183,3,0,8226,21,21,20,43,26,0,19,10,1,65,1,0,238,6,11,8,10,7,0,82,0,384,0,2,124,10,77,48,2,6,0,3,6,0,26,1,0
59,7,4,17,0,6,21,72,58,2,1,23,7,0,52,1,9,0,12,0,1,0,1,12,9,28,1,11,0,28,1,20,15,210,10,0,1,0,4,27,148,29,39,0,102,0,0,0,0,0,2,37,4,678,7,49,12,7,327,120,46,14,8,0,5655,84,48,1,0,0,27,7,30,5,38,0,4,1,5,5,0,4,188,8,19,1,4,0,1,21,0,4,5,0,891,0,0,1,0,0,209,19,2,0,21,7,16,0,21,0,27,1658,1,0,145,0,0,1,1,1,6,22,10,0,419,2,2
425,13,124,11,1,160,38,79,60,514,2,0,41,43,49,0,34,18,1,65,287,76,1,79,29,1,66,34,2,10,2,17,93,1,22,26,4,1,4,0,421,2,255,0,502,0,5,6,62,0,1,0,43,730,119,9,8,23,675,0,11,44,240,5,2,353,122,1,95,52,73,8,1,0,203,0,12,42,23,13,143,0,81,1,1,16,26,8,13,69,5,4,11,27,485,0,0,1,0,1,1185,0,2,0,5,26,125,0,93,14,114,958,1,1,84,0,45,711,0,2,34,40,21,33,1015,1,14
10,4,396,4,100,1,8,1,57,0,1,1,1,2,62,0,0,3,1,3,229,0,1,52,33,0,5,0,4,3,0,1,61,0,11,0,1,1,5,1,20,10,38,8,5,4,3,0,276,1,3,1,12,2736,35,9,5,0,394,0,0,88,48,0,1,6,72,0,0,0,1,0,33,0,46,15,6,0,0,0,1,0,60,42,44,3,10,0,1,5133,2,7,1,1,355,7,0,0,1,3,0,305,141,1,5,3,2,9,5,1,0,551,0,2,0,7,0,32,1,0,43,7,8,0,266,2,5
46,63,5,0,184,0,12,4,1,1,0,1,0,0,349,1,0,1,62,0,1,0,0,1,1,51,6,0,1,0,0,2,35,7,10,6,0,1,10,0,1,80,0,18,30,8,0,16,0,44,0,1,0,4,18,0,12,2,213,2,144,0,6,1,37,0,46,7,0,3,4,0,31,2,59,25,3,0,0,0,1,1,179,43,0,0,0,0,3,9488,0,0,0,0,62,0,0,2,0,0,0,6,244,3,17,21,0,9,0,0,0,0,126,1,0,20,13,1,3,0,13,4,0,0,60,0,7
30,1,1,0,188,7,8,59,0,3,0,1,0,2,6,2,1,2,2,0,0,1,0,18,0,1,10,1,0,0,5,24,8,57,1,2,2,0,6,53,7,12,2,18,9,8,2,8,40,135,0,0,2,27,1,3,3,1,22,18,1,0,15,27,175,19,8,1,1,1,3,0,1,0,22,7,6,8,1,0,1,40,78,7,0,2,7,0,2,9655,8,2,10,2,348,1,0,0,1,0,95,12,267,6,0,0,13,0,8,2,1,12,50,1,22,14,8,178,3,0,0,6,8,1,25,2,0
53,1,0,24,0,0,71,0,1,30,2,0,17,21,1,0,31,96,1,7,1,16,1,44,8,1,6,0,5,53,6,49,0,0,19,0,0,3,14,0,181,0,347,0,90,0,0,25,0,0,4,2,7,2047,0,3,0,0,543,0,3,7,60,616,1,661,239,0,5,0,33,1,1,6,703,0,34,6,16,0,50,0,175,1,0,5,33,4,9,8,13,44,41,3,2581,3,0,9,3,10,0,415,1,0,7,10,76,14,58,4,345,1186,0,7,202,0,0,2,0,2,41,0,40,7,347,8,17
196,2,69,39,111,64,24,1,2,0,2,0,20,13,22,1,27,6,6,6,0,9,4,96,11,21,0,57,4,31,11,2,458,0,4,64,42,0,7,0,171,6,95,14,26,11,5,16,9,1,0,79,0,402,13,57,5,1,169,0,82,1,0,170,1,117,143,0,5,0,19,50,9,0,26,17,114,20,13,4,7,2,155,1,20,7,82,0,1,6926,86,9,15,9,470,9,8,2,0,0,0,0,213,0,0,1,37,4,27,3,7,21,0,2,0,13,210,1,1,0,6,28,41,7,261,7,8
0,15,1,1,83,4,5,0,239,0,0,0,0,0,211,1,0,26,0,0,0,0,0,22,0,0,10,6,0,3,0,0,0,0,0,30,0,0,3,61,0,41,7,6,2,4,2,40,2,10,0,82,0,2,0,2,52,0,4,0,0,134,0,258,0,0,78,9,50,4,0,2,1949,8,185,8,0,26,2,0,0,0,0,2,1,0,3,53,0,3922,0,4,0,2,8,0,0,0,0,0,0,0,124,8,50,0,0,7,1,0,0,856,3147,40,55,8,3,1,4,1,0,13,1,0,9,0,0
4,4,0,2,73,0,5,0,0,1,0,12,1,0,40,8,3,2,16,1,1,14,0,1,1,0,161,4,0,1,1,58,0,501,0,1,1,2,2,28,3,46,6,3,2,1,0,4,0,570,2,15,3,1442,0,5,0,0,48,102,37,27,0,49,2784,2,72,1,0,1,0,0,4,0,328,5,5,0,0,0,0,11,0,291,0,0,13,0,0,4152,1,0,0,5,412,1,1,2,5,0,28,1,118,12,15,1,7,0,2,2,0,88,2,5,5,7,2,237,7,4,0,17,29,0,7,3,0
11,2,0,3,16,0,4,2,2,0,0,18,0,4,13,2,2,0,18,0,16,0,2,19,7,5,28,3,5,15,0,5,134,335,8,0,1,1,2,0,8,0,9,2,0,3,1,8,5,168,0,0,0,45,5,0,0,2,113,171,0,1,3,1,8246,9,17,4,25,0,0,0,6,10,360,0,13,0,48,0,0,4,1,0,0,2,0,0,0,635,25,0,7,2,26,6,0,1,4,3,0,1032,25,2,7,2,2,5,0,1,1,2,1,1,45,1,8,0,2,0,1,0,52,18,114,2,2
32,2,0,27,191,0,8,0,54,2,1,0,5,17,34,3,0,2,0,0,0,23,3,15,1,2,0,25,0,2,0,2,154,1,0,9,0,0,0,0,46,2,48,17,7,8,15,1,10,1,0,1,19,267,0,0,0,1,35,0,2,4,8,18,1,7,165,1,1,0,10,45,0,0,176,11,9,0,1,10,1,3,1,1,4,1,11,1,1,9814,0,1,6,11,115,1,0,0,0,0,18,1,242,4,3,1,8,2,3,7,4,13,0,0,60,15,13,4,1,0,20,0,11,1,42,3,0
282,27,744,0,82,1,55,16,440,7,4,3,0,3,166,0,27,14,1,22,0,0,0,9,7,0,161,8,0,28,3,9,148,23,8,4,10,0,7,62,5,54,2,4,23,7,0,2,180,69,1,0,2,1347,25,3,21,10,189,3,0,49,45,37,114,76,0,3,55,0,3,0,239,10,71,13,20,7,0,3,103,25,128,1014,18,0,54,3,1,4274,11,5,64,3,345,5,26,5,3,0,0,1,120,3,3,3,160,0,0,24,0,76,1,1,111,6,74,4,4,3,30,83,89,3,42,2,7
264,65,0,1,101,1,4,10,160,3,0,4,0,1,404,3,5,0,4,3,0,0,0,1,6,8,8,0,4,0,0,20,0,260,6,0,0,0,0,51,1,0,1,8,0,5,0,26,130,285,3,2,13,758,0,1,8,10,117,115,0,56,0,86,1177,0,106,4,3,0,0,0,30,7,104,10,3,0,0,0,0,3,15,16,0,0,0,1,0,5330,6,4,1,26,380,0,0,0,0,2,0,1024,141,7,15,0,1,0,0,0,0,32,145,5,21,13,1,206,2,0,2,16,2,0,117,0,10
697,2,0,6,43,8,9,0,1,3,1,7,2,1,4,1,0,2,1094,0,1,73,0,26,10,5,8,2,0,1,0,27,32,52,12,6,2,0,2,0,15,75,16,5,62,1,1,1,155,215,0,2,5,3,37,8,19,29,200,13,12,30,2,213,372,11,84,1,3,0,5,67,191,0,368,4,0,7,1,2,41,4,180,213,32,6,3,0,1,2327,0,2,5,1,1133,0,1,2,0,0,324,1502,76,3,33,14,0,0,11,2,4,824,468,1,0,2,14,0,2,1,5,33,7,3,354,1,1
39,0,3,49,164,873,17,0,1,9,5,1,5,3,0,1,3,2,1,3,0,1,3,43,4,0,0,18,0,36,17,0,68,1,7,3,7,0,15,0,146,0,38,12,3,13,3,2,0,2,0,0,0,6,12,43,0,0,256,0,9,0,29,2,1,54,3,0,3,0,23,3,0,13,2,13,100,0,7,3,3,3,0,2,6,6,61,0,11,8776,1,15,14,17,3,0,3,0,3,10,42,23,235,4,0,8,0,10,30,8,0,1,0,1,55,11,64,0,1,0,15,1,63,11,286,1,1
1,22,5,12,129,3,30,28,33,3,3,0,5,20,2,1,2,2,3,18,11,0,1,66,0,0,31,8,0,21,2,2,320,1,1,0,4,0,1,12,91,0,144,11,3,7,3,0,20,2,0,0,3,1044,0,7,3,0,24,0,0,15,0,90,1,265,14,1,15,4,4,11,33,0,215,9,17,0,0,1,0,1,75,92,15,4,34,0,4,6580,2,1,13,0,61,0,0,0,2,5,1586,0,183,2,13,0,0,4,10,17,4,16,0,0,16,14,10,45,0,1,1,30,74,20,206,4,3
24,9,67,9,152,20,15,0,30,0,0,1,1,1,48,1,6,0,7,0,0,1,0,1,0,1,955,19,13,0,0,50,13,1,3,7,2,1,1,25,17,2,54,12,1,12,0,1,3,1,0,1,2,6,26,8,0,3,35,1,2,59,48,1,9,8,17,3,9,0,1,0,2,15,163,12,2,7,7,4,4,3,1,1,4,1,4,5,0,7699,4,1,16,2,366,1,0,1,0,1,418,1,195,1,12,0,12,1,0,3,1,729,21,4,171,16,4,93,1,25,7,1,4,5,130,1,1
241,36,0,6,133,0,44,0,0,4,0,2,2,9,183,2,0,10,2,6,0,0,1,56,33,0,436,27,3,12,2,24,0,16,8,0,4,19,4,27,14,3,0,16,4,11,2,16,2,12,2,0,108,1248,52,3,20,6,679,2,181,71,0,1,52,157,0,9,0,2,5,1,78,4,354,10,6,8,35,27,0,2,238,0,0,12,9,1,0,6297,0,8,41,0,205,31,0,0,0,0,0,0,179,6,14,22,0,0,8,16,86,64,8,16,1,13,0,0,44,9,31,0,40,37,17,1,3
8,32,547,3,1,52,4,115,0,0,1,1,8,1,196,0,5,1,1,2,58,36,1,10,2,0,18,16,0,28,3,17,24,12,6,6,7,0,2,4,111,4,16,0,4,0,0,3,122,0,2,7,9,616,42,26,5,3,62,1,0,54,0,155,181,62,22,7,22,2,6,0,0,3,351,0,18,5,4,2,0,1,138,7282,4,0,36,0,5,4,2,8,5,3,234,0,18,0,1,1,142,30,0,0,135,1,0,0,36,10,0,318,1,4,58,0,26,0,0,0,2,12,39,2,290,0,5
28,8,9,2,101,0,3,0,123,0,0,1,3,2,23,396,0,10,1,0,2,45,1,4,1,0,2,1,0,11,0,4,1,0,0,0,3,4,0,133,11,0,3,5,1,8,0,5,27,42,4,1,11,1168,57,0,1,0,17,1,12,10,0,21,1,3,153,0,2,1,2,3,6,1,107,7,1,0,9,0,0,1,32,1465,0,0,2,0,0,5054,0,3,22,2,367,4,2,21,1,1,1,7,140,44,2,1,1,2,0,0,1,2132,1,2,0,13,23,0,1,0,10,1,21,1,5,0,2
143,8,0,61,1,1,92,0,122,0,3,1,0,33,44,0,12,5,0,44,1,16,0,253,10,25,166,55,2,211,3,49,481,0,3,385,18,1,68,87,4,116,122,0,15,0,14,6,0,0,3,5,35,1377,0,48,12,4,282,0,4,22,137,493,2,153,116,0,54,0,9,16,29,20,87,0,27,17,64,8,0,0,62,1,24,12,98,0,1,46,0,99,107,95,1516,60,1,0,3,18,0,0,3,3,9,48,146,0,36,1,0,2615,1,11,6,0,16,883,0,8,29,121,95,13,104,10,0
80,3,0,5,144,0,0,30,0,1,0,0,1,1,24,8,0,0,0,0,11,0,1,5,5,0,3,0,2,14,2,0,0,27,6,7,0,0,0,18,7,0,0,14,0,9,0,0,0,36,0,0,1,365,1,9,0,3,255,19,0,3,0,0,186,14,26,0,7,0,0,0,4,1,50,6,20,18,2,0,0,2,111,2015,0,0,3,0,0,7254,1,3,2,7,411,1,1,101,0,0,0,79,222,5,1,0,0,0,0,4,21,31,0,2,19,15,7,3,1,0,0,0,3,0,212,0,2
0,10,0,3,89,432,33,0,375,28,5,2,0,9,85,1,6,0,4,8,0,0,0,0,4,0,23,0,0,133,3,28,205,0,4,34,0,8,5,1,1,1,0,17,0,3,0,54,35,0,4,3,34,2369,314,38,7,0,131,0,0,45,11,3,4,4,212,2,0,0,3,0,19,0,135,8,27,2,0,0,0,0,100,111,0,0,40,0,0,4084,3,21,57,1,657,12,0,0,2,0,1,0,105,1,190,0,0,5,0,76,0,747,25,4,274,4,45,117,1,0,38,88,81,0,82,0,13
555,38,0,20,49,2,4,0,0,0,14,1,11,9,321,1,1,0,1,0,3,6,1,0,22,2,64,0,0,37,9,0,0,0,7,17,0,5,11,0,102,0,0,5,2,1,0,15,5,0,4,0,74,1213,93,5,0,13,407,0,3,87,326,3,1,137,0,2,3,5,3,8,0,12,28,7,44,7,6,6,14,1,3,24,0,1,30,3,3,2145,69,19,95,0,8,0,14,0,0,4,329,150,73,3,72,3,168,0,160,34,0,1173,117,0,31,0,64,2856,0,143,35,50,15,1,267,0,0
3,24,118,43,126,0,33,4,73,0,3,0,1,10,134,1,9,6,1,0,122,8,0,116,3,0,4,27,0,87,0,16,141,1,2,0,15,1,6,0,9,15,62,19,9,5,7,8,0,14,2,0,81,853,13,12,2,3,82,1,42,31,38,132,2,63,34,0,39,0,4,107,112,21,23,11,17,3,8,8,16,3,0,2,17,4,26,5,0,7425,20,6,70,1,268,0,5,0,2,1,355,1,214,2,0,5,51,3,1,15,3,41,1,6,0,18,145,1,1,0,14,30,59,2,132,0,10
1,5,3,26,144,186,3,6,1,22,0,1,0,13,63,1,8,0,1,5,0,3,1,30,5,3,1,16,1,14,2,3,22,2,13,0,4,6,12,1,14,24,58,14,1,16,1,10,257,3,1,5,6,787,5,107,16,0,224,1,0,11,12,0,5,96,137,5,8,0,2,6,3,20,200,17,23,21,5,6,0,1,1,1,9,2,42,1,0,7391,0,38,30,9,94,0,0,0,2,6,2,1,196,6,5,0,5,0,23,2,143,673,17,2,0,13,42,0,1,0,18,9,33,3,420,2,7
149,33,0,54,2,35,123,0,358,0,8,0,47,89,264,0,0,0,1,34,1,79,9,0,2,0,2494,0,13,24,2,50,0,0,0,0,0,33,32,0,59,0,1,0,2,0,0,69,0,1,1,2,72,1419,2,22,0,2,57,0,2,58,180,0,3,0,272,8,15,0,11,0,158,0,1109,0,39,1,32,2,0,0,1200,1,0,0,75,0,6,12,1,86,318,3,990,0,20,9,12,16,0,0,1,0,34,30,320,21,0,16,166,66,116,7,0,0,148,0,0,20,152,0,587,13,1,27,3
77,56,159,4,118,8,13,0,69,13,1,0,1,4,217,2,1,6,2,0,311,7,4,22,6,2,87,15,0,30,0,36,0,2,0,10,5,0,6,47,36,75,9,13,1,9,1,10,104,2,2,1,2,1000,47,22,24,3,200,1,26,99,59,193,2,14,79,8,20,0,4,13,14,6,231,10,6,0,1,4,0,1,0,1370,5,5,19,0,2,5379,12,6,10,0,473,9,0,70,1,0,91,13,134,5,209,0,21,1,9,2,4,134,28,0,0,13,19,140,2,8,9,48,23,0,39,2,0
16,30,0,0,45,0,1,1,0,0,0,0,3,1,225,0,0,0,0,0,0,0,0,1,0,0,3,0,7,0,0,0,2,1,0,0,0,18,0,0,5,1,0,1,1,2,0,248,0,1,2,18,0,3403,69,0,0,0,41,0,0,176,0,1,1,0,1630,7,5,0,1,1,2446,3,262,3,0,5,0,0,0,0,0,2,0,15,9,0,0,2362,0,0,0,1,3,0,0,0,0,0,0,1,62,0,29,42,0,0,0,0,1,10,743,11,0,7,0,0,0,0,0,0,5,0,0,0,22
0,54,0,0,0,0,2,7,1,18,0,0,0,41,195,0,0,0,1,6,1,15,1,0,4,0,470,0,17,42,0,66,1,0,0,0,0,56,3,0,0,46,0,0,8,0,0,174,1,0,10,27,47,4160,0,24,10,0,115,0,53,66,0,156,1,0,181,6,0,6,1,13,372,6,288,0,0,0,89,45,0,0,224,1,0,0,15,87,0,6,17,4,0,2,2707,0,0,8,1,0,0,0,1,0,9,7,0,0,0,3,0,1552,1,1,0,0,0,251,0,17,15,29,68,68,0,1,3
0,21,0,64,101,71,14,0,0,0,0,0,0,20,141,0,0,0,1,0,0,15,2,63,0,2,6,100,18,7,7,4,611,0,0,0,59,77,18,0,0,1,1,11,7,7,3,30,331,0,0,2,47,1902,109,3,19,0,1,0,0,30,8,219,1,37,466,1,4,0,1,0,0,65,172,10,38,5,0,0,23,0,216,0,49,0,16,1,0,5495,63,2,33,7,119,0,0,2,1,39,0,0,170,0,7,3,10,3,1,0,474,42,1,32,25,13,10,0,1,0,0,0,16,5,173,2,4
542,9,164,7,40,89,78,9,96,13,0,0,10,5,53,1,28,2,11,11,204,7,0,836,11,39,64,94,0,20,14,5,318,6,9,19,11,0,4,11,105,34,293,2,44,1,32,18,354,2,0,9,224,1399,1,14,39,27,304,2,289,66,18,224,25,0,44,0,23,4,14,12,77,0,60,2,26,24,16,21,31,2,103,567,30,118,24,0,3,2151,15,10,68,2,294,8,0,0,1,1,419,58,67,0,6,0,9,6,44,11,92,427,5,0,113,3,37,0,0,0,63,217,24,6,282,1,5
3,13,0,7,89,35,5,0,30,3,2,1,5,0,59,1,18,0,1,3,98,22,0,31,7,2,161,33,5,4,6,23,57,0,5,15,1,4,0,0,127,36,44,8,32,10,12,13,0,0,1,146,23,1582,1,10,15,2,154,0,42,60,5,209,2,219,50,4,9,0,18,0,849,7,375,11,16,2,0,41,5,1,0,782,56,7,27,1,4,4694,0,0,16,3,204,0,4,1,2,0,0,0,139,4,99,0,1,0,2,4,34,39,0,1,67,9,9,449,1,5,12,7,17,0,413,0,3
90,156,3,20,56,1,4,13,113,1,5,0,0,7,785,0,12,0,24,0,1,2,0,0,44,1,425,9,6,32,0,33,0,3,6,0,11,2,6,33,2,0,1,5,1,1,0,2,1,4,5,49,0,2425,1,1,38,1,2071,1,0,118,1,0,16,0,19,1,23,2,0,0,61,6,101,5,0,0,3,2,0,2,4,7,2,0,791,142,0,2609,0,13,58,3,748,8,1,54,1,0,1,11,78,0,14,0,27,0,0,10,3,115,3,9,0,4,41,240,1,8,1,36,79,0,13,0,4
50,37,1,19,55,1,166,1,0,3,0,0,0,0,169,0,24,259,17,1,0,1,0,14,0,1,1,65,7,136,0,31,92,0,0,20,0,12,24,0,64,12,222,8,0,8,0,97,409,8,7,2,2,2614,0,82,18,3,127,0,7,42,4,233,1,86,120,3,0,3,4,3,736,69,89,8,10,0,0,0,2,0,2,6,28,0,26,57,0,3684,0,29,3,431,573,4,29,1,0,17,0,0,91,1,2,0,0,0,16,21,61,558,0,1,0,4,1,0,0,0,0,30,7,0,18,0,3
123,13,589,92,0,0,522,1634,14,3,7,1,24,36,61,0,29,9,5,1,195,75,0,102,6,16,96,8,2,131,49,3,1,5,9,18,0,15,50,0,186,0,0,0,54,0,3,9,137,0,2,109,105,1713,82,20,0,2,137,2,8,50,83,1,75,13,10,2,238,16,50,6,25,16,60,0,319,3,11,10,0,0,21,6,14,13,289,0,11,26,10,61,238,102,38,2,40,0,2,25,1,160,4,0,224,78,484,3,2,71,2,9,1,2,74,0,1083,358,0,0,53,0,49,4,935,11,0
62,22,0,4,53,0,15,4,11,0,0,2,0,2,169,2,0,1,2,14,1,6,2,17,0,0,1,0,0,2,0,5,0,18,0,1,1,6,0,71,1,0,0,7,9,6,3,0,0,27,4,3,1,1386,0,0,0,3,0,10,1,76,31,1,127,0,50,4,0,0,2,1,4,3,169,8,5,0,1,3,0,1,38,4669,0,0,13,0,0,2780,0,0,5,1,190,0,0,0,1,0,3,21,71,5,11,0,54,0,0,0,0,1586,60,0,0,8,12,0,6,0,1,0,21,13,0,0,1
115,46,2,68,6,30,93,1,0,0,5,0,7,28,242,0,15,32,6,0,0,62,8,402,1,34,139,46,7,34,4,28,327,0,1,0,18,3,22,0,100,0,120,0,5,0,18,7,0,0,0,0,2,15,0,9,0,1,5,0,22,64,0,2,20,382,0,4,117,20,8,0,0,9,186,0,5,51,33,0,137,0,2,4,0,8,77,0,6,378,188,14,34,15,1106,41,20,1,2,0,0,1994,16,0,12,3,0,27,1533,15,0,2849,22,10,27,0,0,1,0,5,24,1,115,1,265,4,5
7,2,0,5,7,9,8,3,29,4,0,33,1,1,7,1,1,0,6616,3,107,0,0,1,0,1,2,2,0,13,4,3,0,107,0,0,0,0,5,78,18,12,5,1,2,1,0,0,21,126,0,1,3,967,0,7,0,0,27,45,1,38,1,92,2367,19,14,1,10,0,4,7,10,0,87,0,19,13,1,0,1,4,13,54,0,0,32,1,0,277,2,3,21,54,166,0,1,1,1,1,17,2,10,2,1,0,1,3,1,7,4,215,0,0,0,1,19,13,66,0,2,7,15,0,10,0,1
38,50,0,21,118,3,9,0,97,2,0,0,1,3,306,1,107,21,10,0,31,118,1,22,3,7,515,23,0,158,0,21,1,0,5,47,3,4,2,65,31,17,33,9,0,7,0,3,175,1,3,131,2,1568,12,18,9,0,105,0,11,92,4,211,1,14,115,6,2,0,5,7,35,2,166,4,15,2,12,19,1,1,0,53,2,3,1,9,4,5731,4,6,17,56,259,0,0,1,0,2,0,2,135,5,36,19,25,2,3,23,125,51,239,8,0,7,32,346,3,21,2,11,17,2,71,11,1
5,23,0,8,114,0,4,0,77,3,0,1,0,2,67,1,2,7,2,0,54,1,1,12,1,16,184,208,0,2,0,38,14,0,0,61,0,9,5,16,4,6,30,7,0,0,0,1,347,0,2,16,0,1664,1,7,16,0,10,0,19,40,0,245,2,2,83,8,0,0,0,0,24,2,1209,4,7,0,1,4,0,2,53,283,0,0,12,0,0,4826,8,0,1,0,385,0,5,0,0,2,0,520,133,9,40,0,0,0,0,4,40,381,1,1,3,9,3,372,2,9,2,12,14,5,169,1,2
49,13,1,0,25,1,116,37,226,2,1,0,0,20,72,0,5,191,3,0,600,1,8,59,99,17,4,49,7,7,2,32,1,19,91,38,23,31,23,129,1,0,0,4,0,2,2,24,101,17,0,3,9,10,0,15,2,2,3177,7,5,116,11,24,154,0,218,0,0,32,0,2,16,23,34,4,0,0,5,0,4,0,11,4,32,27,11,311,0,1180,64,22,8,1,661,10,15,4,5,76,1,0,27,3,8,1,4,0,0,2,3,1602,0,33,9,2,78,164,1,0,2,38,149,2,1408,7,4
61,18,0,24,3,1094,28,0,0,44,0,0,13,20,46,0,24,5,0,82,98,21,5,85,30,0,111,22,0,51,21,53,1,3,52,4,7,4,38,264,174,0,217,0,238,0,1,46,352,1,1,20,71,868,46,73,7,11,1282,1,9,36,38,0,2,73,78,8,3,8,70,32,367,3,799,0,170,14,36,23,77,0,68,0,0,21,33,1,7,48,3,4,84,0,1027,0,4,3,2,116,1021,0,3,1,19,1,0,5,75,6,12,345,0,15,95,0,63,1,0,0,37,61,49,18,1167,3,5
35,2,0,10,132,2,2,0,242,0,0,0,14,1,17,1,1,4,3,17,1,22,0,15,3,0,309,0,0,1,0,34,0,7,2,4,1,7,0,1,181,1,78,15,55,16,0,25,661,9,0,0,3,995,18,3,17,2,38,4,9,44,2,256,22,28,89,0,0,0,12,0,16,3,114,9,2,9,4,5,6,2,92,1,0,2,5,2,1,6455,0,2,10,0,376,1,7,26,1,2,5,0,186,1,119,0,2,0,0,0,10,49,85,3,17,10,4,728,6,7,1,24,6,0,102,0,9
5,0,0,0,119,0,0,5,109,0,0,1,0,4,0,1,0,0,1096,0,0,0,0,0,3,0,4,0,25,0,0,1005,62,1,0,90,0,2,0,0,0,323,0,7,4,9,0,16,0,228,1,4,0,1159,0,4,0,0,89,1,0,1,0,1,0,0,17,0,1,10,2,0,40,7,221,9,0,0,0,0,0,2,46,2,0,0,0,10,0,6166,0,2,14,3,243,0,0,0,0,2,0,274,157,52,2,0,0,0,0,0,271,32,0,4,0,17,0,0,5,0,0,0,11,0,0,0,1
379,5,0,62,1,197,21,0,109,10,3,0,193,120,40,0,59,6,0,11,0,95,13,178,56,4,118,55,1,12,2,54,6,0,48,4,8,3,15,1,2544,8,245,0,174,0,10,6,53,0,2,22,35,1110,20,13,8,11,1652,0,29,28,2,187,0,434,37,1,8,16,62,2,79,13,82,0,23,11,24,7,21,0,1,1,7,22,42,7,28,9,4,3,23,7,361,0,3,0,3,56,237,74,3,0,59,32,5,108,17,2,1,43,3,4,464,0,53,199,0,2,76,34,48,4,1086,8,4
9,3,3,34,165,12,3,3,11,0,0,1,1,4,10,1,6,2,1,4,40,0,3,63,4,2,235,11,0,15,0,17,300,6,1,10,0,1,7,0,23,14,80,17,6,8,4,3,142,18,0,40,0,5,31,40,1,1,108,1,4,24,0,89,27,50,202,0,26,0,3,48,0,0,45,17,12,0,7,3,0,0,6,240,6,2,9,8,0,8236,0,7,2,2,237,1,6,1,1,6,13,56,225,1,3,0,7,7,9,1,8,593,1,1,0,12,12,26,1,10,5,54,25,4,72,1,4
11,8,53,8,0,1,0,3,8,5,3,14,1,6,12,0,0,0,9739,5,130,3,1,23,6,0,34,0,0,5,1,0,0,11,3,3,2,1,13,19,34,47,21,0,2,0,1,0,3,30,0,0,8,242,0,8,9,0,108,5,1,8,0,100,204,20,28,0,0,0,3,6,0,4,34,0,2,0,0,0,0,5,13,0,0,2,5,0,0,73,0,6,5,0,41,0,10,0,0,0,639,1,5,2,23,1,15,0,4,5,0,23,0,0,6,0,12,12,4,3,0,0,0,0,40,0,0
33,94,1,18,3,30,3,0,0,4,3,1,4,5,158,1,1,9,3181,3,0,5,3,22,1,0,2820,6,4,23,8,286,0,0,4,12,9,36,5,0,83,4,31,0,1,0,0,39,0,67,0,3,0,12,8,32,1,1,62,0,5,173,0,294,4,6,373,5,31,0,7,1,123,13,279,0,49,8,2,1,5,3,68,2,4,1,70,38,5,207,0,8,16,0,1548,0,1,19,0,0,0,0,8,0,21,0,0,7,1,4,33,879,97,19,0,0,115,1,1,81,0,2,44,0,191,1,3
0,15,1,23,132,1,21,284,179,14,1,0,1,17,37,1,4,0,2,3,0,37,2,10,26,1,273,1,1,8,0,39,8,1,20,11,3,2,10,399,10,3,33,13,1,12,1,5,12,0,1,138,6,747,20,6,5,0,1010,0,3,24,11,200,1,14,226,2,0,8,2,14,5,0,95,12,7,0,0,10,1,1,24,2,3,6,9,20,0,6202,0,10,3,3,564,30,5,1,0,1,0,2,166,3,4,11,36,17,8,15,1,49,0,2,12,5,28,50,2,9,20,13,37,7,377,0,9
74,106,199,66,6,23,9,5,0,1,5,0,162,39,271,0,5,9,0,20,0,34,9,22,41,6,1,71,0,68,0,23,28,0,14,40,4,3,1,1,268,7,54,0,87,0,2,3,415,1,5,2,17,2787,37,45,0,4,301,0,28,41,0,0,3,64,132,5,33,0,50,26,551,0,191,0,32,1,27,0,4,0,0,2,5,5,156,0,12,174,19,21,62,0,2579,0,3,2,3,16,0,101,3,0,10,14,0,7,5,13,0,1526,27,1,0,0,40,0,0,0,10,56,93,5,446,6,5
37,20,0,2,114,0,1,6,0,0,0,25,0,2,68,1,0,2,110,0,177,0,0,17,6,2,6,0,0,12,0,23,0,27,2,5,0,0,5,245,52,0,6,9,0,6,0,1,1,340,0,0,4,790,13,1,3,5,97,8,3,33,0,0,117,15,32,0,1,0,2,4,30,0,139,15,6,4,2,0,0,131,546,1573,0,3,1,8,0,4723,0,5,2,12,1145,0,1,477,0,0,0,244,132,8,4,2,0,0,0,1,98,106,1,6,19,8,8,38,5,0,2,3,6,2,32,0,5
46,2,184,17,17,0,101,12,247,5,0,2,0,3,25,0,107,3,2,0,0,0,3,12,5,36,1045,14,0,29,0,0,60,1,0,8,32,14,5,11,4,12,56,1,16,1,0,29,606,2,2,1,0,947,5,5,16,1,35,1,0,66,34,187,16,20,158,0,24,0,0,44,71,63,21,5,20,1,0,0,44,2,45,287,18,0,18,1111,0,1120,17,10,32,5,101,1,23,0,0,0,529,2811,54,1,3,0,60,0,75,6,1,234,0,413,182,4,43,0,2,11,16,165,30,0,15,3,2
28,37,26,18,11,0,21,44,135,0,5,9,0,1,254,1,7,2,16,0,0,15,0,64,14,16,137,34,1,19,0,19,321,272,3,4,11,3,10,155,0,38,58,1,9,0,1,1,1,94,0,1,1,189,74,62,6,1,329,91,528,10,12,275,4230,9,468,3,62,1,3,586,365,14,225,2,3,0,9,0,1,5,99,1,9,8,93,15,0,511,0,14,24,3,72,9,5,0,0,0,800,21,19,1,67,28,200,10,3,22,33,4,196,8,0,0,22,23,1,3,21,23,40,8,101,7,6
52,7,1,25,53,1,3,21,0,6,0,1,9,3,38,1,1,0,4911,0,96,0,0,21,2,0,3,0,1,35,7,11,0,2,5,7,0,0,0,91,192,1,0,6,0,3,2,3,0,327,1,0,12,473,10,33,0,1,121,0,0,13,0,0,18,23,15,0,9,0,3,0,3,5,134,4,34,3,2,0,2,16,121,355,0,3,3,2,3,3024,0,18,10,49,675,0,5,116,1,0,1,134,78,3,0,0,0,0,0,1,36,39,1,0,56,3,40,19,3,0,0,3,17,0,303,2,0
32,70,538,172,82,0,616,20,1,41,0,1,0,8,250,1,3,2,1,3,354,86,4,121,145,51,44,40,1,29,4,18,336,1,11,6,3,1,34,1,0,85,6,11,0,4,4,5,248,1,0,1,15,115,22,1,15,1,724,0,40,50,34,414,1,64,114,6,2,7,2,143,207,5,127,7,23,0,14,3,0,1,53,2,100,14,13,54,2,4059,51,0,15,5,640,60,0,0,1,7,6,0,103,1,53,96,50,17,1,7,4,197,1,4,0,10,12,163,1,0,19,15,84,6,410,7,14
0,20,116,5,122,0,13,1,137,0,0,1,0,3,85,2,1,1,21,0,0,0,0,14,1,5,81,28,0,0,1,12,35,43,1,0,0,0,2,0,0,11,0,13,0,13,2,3,0,79,1,2,2,1220,1,12,0,0,27,24,0,37,18,28,155,22,495,7,8,3,0,50,57,0,379,20,13,0,7,0,6,3,268,0,2,0,16,0,0,6396,3,4,88,1,381,1,2,7,1,0,2,400,200,3,36,1,1,11,11,7,0,560,0,1,1,7,20,31,0,1,22,11,14,0,21,3,3
2,18,13,10,189,0,23,12,112,10,0,1,0,0,56,1,5,1,2,0,0,2,3,25,0,11,124,0,3,5,1,3,724,25,0,2,2,0,1,3,2,6,19,13,3,9,3,1,10,21,0,32,5,92,3,4,3,0,8,2,3,10,0,56,90,2,57,6,3,1,2,4,10,6,126,25,8,0,0,0,0,0,89,1,25,0,2,3,0,9023,31,1,5,2,39,5,1,29,3,3,60,0,260,3,28,1,9,2,49,1,2,5,67,3,111,21,5,44,1,0,5,5,27,0,8,2,1
9,20,0,6,94,39,22,0,1,25,0,0,0,0,51,0,0,0,0,54,1,37,1,74,3,0,9,0,0,0,4,93,0,1,2,21,0,5,0,54,5,1,1,11,86,3,6,29,129,1,4,36,19,1111,0,16,4,3,131,0,12,30,3,2,0,11,107,9,0,4,11,0,1,2,399,6,31,2,24,8,0,1,1,1,0,3,7,10,4,5857,1,1,23,1,1203,2,0,2,0,0,1,0,142,1,12,4,5,6,1,4,4,1294,36,2,24,10,0,387,1,0,0,19,23,20,5,4,6
45,54,1,22,11,173,14,0,81,0,0,0,4,1,174,0,19,6,1,0,0,33,1,47,2,46,537,26,2,6,2,113,1990,3,1,19,1,2,9,0,30,0,27,3,29,0,2,0,341,3,1,1,2,2112,6,19,6,6,136,2,0,64,9,44,12,58,98,3,83,7,17,0,4,0,77,1,12,31,7,0,0,0,615,0,14,3,13,5,4,659,12,23,11,3,2892,0,6,21,0,28,0,0,18,2,10,1,15,5,57,3,13,281,1,2,0,2,19,299,0,21,0,67,18,8,160,1,0
1,2,9,29,6,16,19,1,15,5,1,1,2,0,7,1,0,1,6601,2,13,5,0,16,0,2,8,13,0,9,0,0,43,1,1,0,3,0,5,148,12,0,2,1,0,1,0,2,13,61,0,63,0,48,8,10,0,1,7,1,0,2,11,48,8,38,130,0,4,1,1,20,2,1,26,1,6,21,1,0,10,5,0,3390,3,1,4,1,2,266,18,1,14,2,31,0,5,0,0,2,42,0,9,1,1,0,4,0,18,1,54,462,0,2,17,1,1,51,1,0,10,22,7,1,13,0,0
13,0,0,8,23,9,2,7,0,1,1,0,3,0,4,1,0,0,1,0,0,1,0,15,1,0,0,1,0,5,0,0,3,0,0,4,1,1,3,0,32,8,4,2,2,3,2,0,0,0,0,0,2,43,4,14,0,1,17,0,1,1,1,10,1,21,3,0,8,0,1,0,0,9,10,3,6,5,6,1,1,0,3,9926,1,1,10,0,0,1535,0,13,1,3,12,2,0,0,0,1,1,86,40,2,0,0,2,0,4,5,5,1,4,2,0,3,2,0,1,0,0,0,2,1,2,0,1
26,39,30,105,88,0,153,0,119,4,4,0,0,13,156,1,12,18,0,0,0,0,1,285,5,2,187,43,8,275,5,56,12,0,0,27,31,8,16,0,4,27,17,9,7,5,16,10,29,0,5,204,3,1003,54,21,4,0,105,0,12,38,0,0,1,21,40,2,0,15,1,6,100,6,162,4,50,0,9,0,3,0,459,55,18,11,40,6,0,4619,20,26,139,10,735,18,12,5,1,21,21,1,128,4,8,0,77,24,4,17,0,63,2,7,0,8,1652,0,0,5,18,15,7,4,19,0,3
182,16,0,17,0,29,5,15,270,0,6,23,8,0,131,0,27,23,16,0,0,11,0,323,4,35,5,1,0,38,3,23,0,259,3,4,0,0,2,197,25,0,0,0,41,0,10,4,29,2,4,0,7,1314,5,8,0,4,294,95,43,39,21,241,5015,141,87,7,4,2,8,31,56,2,378,0,25,0,9,4,15,8,1,1,3,24,159,0,0,22,8,8,93,4,282,6,5,1,3,3,1097,172,4,0,23,0,8,4,4,26,9,39,138,0,0,0,30,1,1,0,30,109,30,4,4,1,1
65,16,0,82,2,0,35,0,180,13,3,5,13,29,78,0,16,1,9,0,862,34,2,40,14,0,135,11,0,31,6,35,9,33,7,72,9,0,25,0,85,19,73,0,34,0,4,0,44,0,9,22,18,4768,3,32,5,3,400,18,5,131,4,193,957,109,67,2,11,9,9,1,5,7,671,0,36,3,6,0,143,1,1,1,15,3,16,4,5,12,0,10,39,156,821,0,0,2,5,0,368,8,4,1,9,3,5,11,19,4,36,122,0,4,0,0,30,0,1,4,12,71,92,9,319,5,5
1952,24,1095,131,35,350,32,0,273,1,2,0,21,37,147,0,62,15,1,0,83,172,0,31,84,27,3,11,0,14,18,3,28,1,32,21,9,2,30,219,307,0,255,1,43,8,8,55,91,1,0,1,9,230,14,48,9,62,1194,0,346,10,8,176,1,61,135,6,8,13,18,116,86,5,189,2,83,0,54,12,0,0,0,0,0,9,78,8,9,1531,4,36,40,2,262,0,0,12,0,4,0,107,31,1,14,11,50,59,23,10,10,15,54,5,50,4,130,0,0,1,14,28,25,3,722,2,13
11,1,4,12,188,0,8,0,1,1,1,1,1,3,35,1,1,1,1,0,0,7,0,7,0,0,6,8,0,36,1,3,50,1,0,19,1,0,10,0,1,12,10,15,5,22,1,0,7,1,0,1,4,679,2,3,3,1,12,1,22,23,1,42,3,14,197,0,7,0,1,9,2,0,169,24,7,2,18,0,0,1,185,3,1,0,16,0,0,9028,49,7,6,0,33,0,0,29,1,0,180,29,260,3,5,1,2,3,3,5,1,270,42,0,0,12,3,18,4,0,0,20,28,4,10,2,1
11,1,47,33,36,0,6,6,3,3,1,26,0,0,9,3,0,0,25,0,1,2,2,3,0,2,13,0,0,7,0,2,10,445,0,0,1,0,6,0,2,7,0,2,0,4,0,1,0,361,0,2,6,26,0,10,0,0,9,222,0,0,0,8,7653,0,0,1,0,2,0,4,1,0,8,1,10,0,0,0,0,10,0,1304,0,0,27,0,0,1385,10,10,9,2,4,1,1,0,2,2,8,48,33,3,0,0,2,3,0,5,6,1,1,0,0,3,20,3,0,0,3,10,44,0,10,0,0
23,4,21,15,85,0,0,3,33,2,3,5,0,2,8,3,1,3,1293,2,0,2,0,0,6,0,1,8,2,0,2,0,334,135,3,20,3,0,2,0,1,153,27,12,4,6,0,0,0,544,0,0,0,170,0,8,11,5,157,32,2,1,0,68,693,23,0,0,5,4,0,7,1106,11,16,11,11,0,4,0,0,6,0,100,45,0,45,0,1,5614,14,1,10,0,210,5,0,335,1,0,0,0,135,14,0,0,10,0,2,9,0,152,0,3,0,11,24,0,3,0,1,43,50,1,46,0,1
39,11,488,6,128,0,14,0,0,18,0,1,1,0,50,3,7,0,2,3,1,58,2,39,10,28,1,19,1,29,0,8,0,5,3,7,5,0,3,0,9,23,29,14,34,9,3,11,96,4,7,7,18,1495,9,4,21,2,171,1,2,13,18,138,10,17,47,0,17,0,4,19,74,3,51,12,3,0,18,17,17,1,36,1,4,5,0,6,2,6402,9,2,13,2,452,3,0,0,0,1,32,670,172,3,0,63,8,0,60,2,18,361,4,0,0,19,1,1,1,0,8,115,19,5,73,1,0
0,24,0,553,13,560,48,0,9,8,34,0,47,144,157,0,0,0,5,5,4,68,25,21,0,5,163,0,31,35,24,14,3,0,0,229,8,25,55,1,551,4,1,1,2,2,1,7,118,1,0,5,7,36,109,1064,14,0,5,1,0,3,0,995,3,37,183,3,81,109,75,0,75,68,222,2,255,663,54,0,1,0,2,3,5,0,876,0,25,564,0,128,251,49,125,15,7,0,12,143,8,54,19,0,129,1,0,128,0,531,1,14,1,9,0,0,858,41,0,5,9,31,736,130,8,18,1
0,5,10,34,127,0,61,0,105,10,3,1,18,7,37,0,5,66,2,0,449,10,4,44,2,2,56,0,2,41,1,18,1,2,0,5,2,3,29,32,182,16,0,13,13,7,2,13,90,1,0,0,0,562,1,18,6,0,76,0,2,66,3,232,10,51,6,1,75,7,27,2,13,15,75,11,23,18,6,0,2,0,1,1,12,0,88,2,11,7144,1,10,111,16,384,6,10,0,2,7,21,109,177,2,14,0,0,1,14,51,44,47,0,8,175,8,22,376,0,3,8,66,143,0,62,11,0
5,26,0,8,158,44,0,5,0,0,0,1,0,0,174,1,0,0,2,0,0,0,0,1,0,0,1,3,5,0,0,0,1,7,1,29,7,4,1,0,5,1,0,16,2,4,0,31,1,6,0,0,0,1006,0,10,0,0,19,1,0,55,0,1,5,0,39,14,3,0,0,0,40,7,165,14,12,1,1,0,0,3,0,1,1,0,25,1,0,9024,0,2,1,5,68,1,3,0,0,1,0,1,247,6,14,0,4,1,0,7,0,576,0,18,9,18,2,0,2,0,0,0,11,0,14,1,1
394,9,0,185,1,36,52,0,107,57,3,0,43,110,69,0,37,2,1,52,0,162,9,14,66,66,96,75,0,52,2,3,94,0,52,0,7,1,34,139,699,24,119,0,63,0,2,8,47,0,3,26,40,419,36,19,36,40,1628,0,535,7,214,5,1,136,47,1,138,44,78,937,78,0,205,1,17,51,81,208,6,0,131,2,18,2,52,48,17,22,0,34,59,0,149,8,9,2,7,0,325,9,4,0,7,138,2,75,6,52,0,22,25,10,42,0,122,0,0,1,52,5,142,56,2305,17,4
18,23,1,13,171,34,1,429,123,0,0,1,3,5,105,0,8,1,2,1,96,0,0,29,6,0,11,1,0,7,0,21,0,1,2,6,2,1,3,0,24,0,3,15,2,9,2,2,15,1,0,2,0,60,0,10,0,3,161,0,0,22,5,48,6,27,136,6,79,0,1,1,14,1,391,19,3,28,0,0,0,1,6,0,2,6,2,0,3,8342,0,2,2,13,501,0,5,1,0,13,3,0,221,2,75,0,0,13,0,1,1,331,0,0,38,14,7,23,3,1,4,1,8,0,146,0,0
85,25,15,248,0,46,78,13,79,14,8,0,8,23,71,0,64,6,2,3,2,138,2,42,15,3,273,82,9,87,0,33,23,0,9,27,0,2,35,410,92,61,19,0,7,0,8,5,123,0,8,0,24,4150,63,31,25,7,336,0,220,100,174,316,0,85,107,3,11,14,38,0,13,0,359,0,38,2,50,12,126,0,363,2,18,0,22,113,10,16,6,5,23,11,510,0,1,125,0,0,311,5,2,0,266,109,57,8,7,15,2,209,18,2,716,0,41,0,0,13,43,61,46,10,234,4,5
3126,9,677,10,2,463,21,0,1,0,5,0,25,0,30,0,379,5,5,0,2,0,7,0,90,0,101,0,10,0,0,41,1,0,35,25,0,15,8,185,309,9,1,0,62,0,0,46,56,0,3,0,37,784,0,73,0,105,1060,0,69,15,133,37,2,0,0,1,1,5,51,0,83,10,503,0,0,0,36,113,124,0,25,1,0,0,68,0,30,8,136,11,78,0,564,3,2,1,8,0,1,1,1,0,8,62,24,0,0,55,312,674,1,5,508,0,50,0,0,2,0,32,224,35,59,5,6
0,26,122,2,7,0,1,2,226,3,0,18,0,0,104,4,0,0,4363,0,0,0,0,8,0,0,31,6,0,0,0,14,0,174,0,1,0,7,0,41,0,8,0,0,0,1,0,0,152,126,1,4,2,426,1,0,5,0,18,135,0,9,2,2,4136,0,2,8,87,1,0,0,30,1,207,0,0,20,0,0,0,9,254,161,0,1,0,0,0,389,0,0,0,7,266,0,0,2,7,0,1,33,15,1,138,0,0,0,0,0,2,33,0,0,0,0,0,55,5,1,0,0,62,0,18,4,0
7,8,1,6,137,203,1,5,0,3,14,0,11,1,30,1,74,10,0,0,0,0,4,4,12,3,1,7,1,68,1,12,240,0,4,13,6,1,7,29,125,1,46,6,17,11,0,3,49,1,0,0,14,31,10,18,9,0,163,0,0,2,0,254,3,188,45,1,17,0,5,14,99,3,117,25,9,4,2,0,2,2,45,0,4,0,201,0,3,7061,10,14,1,1,555,0,17,1,1,5,407,736,206,2,27,0,11,0,13,12,0,122,32,7,37,15,25,1,1,0,0,29,33,0,155,2,0
15,7,6,9,119,6,18,1,35,5,2,1,0,5,23,1,4,0,1031,0,0,8,1,20,1,3,91,1,1,10,1,40,67,1,0,2,3,2,2,0,9,8,6,11,0,1,2,0,15,283,0,0,3,397,0,8,2,0,38,0,1,29,6,181,0,5,152,2,12,2,0,6,4,0,247,14,1,0,2,0,6,5,2,2,6,0,6,5,0,6722,1,16,11,9,841,1,5,1,6,0,26,0,181,8,48,0,1,3,0,9,1,696,13,5,19,9,19,160,4,4,0,15,72,0,70,3,3
131,17,13,8,1,0,10,1,0,16,2,8,20,6,73,6,30,3,35,0,134,0,7,156,22,164,22,15,1,17,0,6,8,26,15,6,9,3,10,14,247,3,24,0,15,0,6,8,39,1,1,0,23,1914,35,5,3,10,362,9,35,39,97,2,386,26,27,1,3,0,13,121,8,1,488,0,0,0,0,9,10,0,1,5277,31,24,25,3,6,8,1,4,28,0,157,13,0,90,3,1,8,25,2,0,3,0,75,2,0,21,0,31,0,1,0,0,59,92,112,3,15,34,55,10,790,2,8
0,118,0,1,1,6,8,2,454,8,0,0,41,0,495,0,14,0,1,2,0,0,20,0,1,3,54,0,19,12,1,94,125,0,0,117,0,18,23,437,788,125,0,0,10,0,0,29,261,1,3,393,5,1029,3,10,30,0,130,0,3,44,0,100,1,1,2034,3,2,0,54,1,66,6,118,0,7,0,19,0,0,0,12,0,0,0,58,255,27,17,0,0,0,1,2037,24,0,1,6,1,0,0,2,0,34,19,0,14,1,21,18,118,262,69,55,0,0,1397,0,1,1,58,138,0,0,2,6
2,18,18,0,52,1,0,1,1,0,0,22,0,3,359,8,1,0,33,0,0,3,0,0,0,0,2,0,0,0,0,0,0,599,0,0,1,0,0,1,2,0,0,3,2,2,0,1,0,633,0,0,0,2,4,1,0,0,0,166,0,1,0,0,5238,0,0,0,1,0,0,0,89,0,1,0,0,6,8,1,0,10,0,1601,0,0,1,2,0,2710,0,0,0,0,2,0,0,0,0,0,0,0,73,4,0,0,2,0,7,1,1,1,284,1,6,2,1,0,4,0,1,0,0,0,10,0,1
2,31,17,3,203,0,31,0,1,3,5,1,1,0,139,2,2,5,2,3,1,52,2,1,1,0,2,24,0,12,1,2,24,1,2,1,0,0,1,0,17,2,6,22,3,13,0,1,14,1,0,1,14,2,8,14,2,1,37,0,16,3,0,1,2,37,217,0,20,0,2,23,1,6,61,13,4,0,0,0,1,1,62,713,21,0,32,2,2,7662,4,1,9,5,364,2,1,47,1,0,103,14,1314,2,6,0,1,2,2,13,14,117,72,2,18,23,17,0,2,0,0,5,51,1,150,2,3
0,8,0,51,102,605,18,53,257,37,5,0,6,12,38,0,18,42,1,12,1,64,5,37,102,10,7,0,8,54,7,41,0,0,6,12,6,1,14,2,119,1,162,7,18,10,1,14,0,1,0,0,47,936,10,53,2,0,448,1,8,9,5,27,1,188,1,5,8,0,9,3,0,0,263,16,48,7,6,0,0,0,121,1,6,7,66,28,5,5712,22,80,49,44,1033,27,0,2,1,5,0,14,153,3,5,3,21,0,37,19,26,129,0,7,57,16,8,1,1,1,10,18,65,0,114,3,6
42,44,0,22,97,0,10,0,92,1,4,0,18,1,245,1,14,2,14,0,0,11,14,106,19,0,201,6,3,46,6,14,17,0,3,0,2,1,4,305,232,4,87,10,221,12,12,2,62,3,11,23,14,2432,3,4,7,0,451,0,4,74,4,154,2,40,132,3,53,0,20,170,38,5,66,16,52,12,5,2,4,1,63,1,7,11,23,0,7,4470,4,2,21,16,218,0,1,0,4,0,501,9,116,1,6,10,16,6,2,14,39,53,36,0,65,13,35,151,3,4,19,1,134,6,92,12,2
258,23,2,4,97,0,11,0,257,1,3,1,1,3,131,0,12,7,2,18,0,95,1,85,3,10,10,0,4,22,3,11,38,1,0,17,0,0,0,89,19,40,92,13,3,3,7,29,220,4,0,34,26,583,26,31,23,16,78,0,201,7,2,171,1,0,899,7,12,0,1,71,36,0,487,3,10,0,0,19,57,4,266,651,0,3,21,8,0,5421,4,8,6,34,215,1,0,2,0,0,201,46,130,4,15,4,0,0,4,0,0,22,38,9,35,9,43,56,1,0,14,102,34,0,134,0,11
0,77,10,0,127,0,0,2,58,0,0,68,4,0,218,2,0,0,2,1,3,1,0,0,0,0,5,0,2,3,1,23,0,5,0,1,0,0,2,0,54,1,0,8,1,14,0,0,0,28,2,36,10,112,0,0,11,0,1,0,0,14,0,1,14,0,171,3,1,0,2,0,143,2,79,14,0,0,0,0,0,23,407,1544,0,0,0,4,2,6377,2,0,7,18,1644,0,0,5,0,3,1,1,181,13,11,0,0,0,0,0,15,270,0,8,43,14,1,3,33,0,0,25,1,0,20,0,1
11,12,28,0,139,1,3,0,5,3,0,0,0,0,61,0,0,10,1,0,0,0,0,3,0,0,93,0,1,2,0,18,0,0,0,187,0,0,1,1,0,3,1,10,0,14,0,0,25,2,0,16,13,122,0,17,1,1,1,0,1,4,0,213,3,3,1768,3,0,8,0,0,0,10,208,24,1,0,0,0,8,1,1,1,1,0,38,10,0,7838,0,7,5,0,182,0,15,149,6,22,0,16,208,3,15,1,0,0,0,8,0,248,0,7,29,20,2,58,2,1,0,5,38,0,7,3,0
2,31,6,1,81,5,13,3,0,7,2,1,2,0,137,2,0,0,0,0,0,4,0,13,0,0,15,0,8,20,0,2,2,0,0,40,0,0,0,90,12,0,0,8,6,6,2,1,0,1,0,0,9,60,0,0,0,0,83,0,0,12,6,9,2,13,0,2,1,0,0,0,0,9,139,5,4,0,0,0,0,0,670,4588,6,0,8,0,0,4618,0,0,3,0,372,2,0,0,0,0,1,2,143,1,16,0,1,6,0,2,30,102,399,29,0,12,102,0,2,1,0,1,3,2,13,0,0
28,31,0,0,2,473,1,0,1,1,0,1,2,0,242,0,0,0,1,147,3,17,30,171,4,0,4,0,1,0,0,0,0,1,0,0,6,2,11,0,33,1,0,1,153,0,8,3,366,0,9,0,15,5961,44,0,0,1,287,0,0,89,21,0,2,0,32,17,323,0,33,0,1,10,730,0,0,156,0,3,0,0,1,3,15,7,44,0,8,23,1,0,435,53,1,0,0,0,24,218,0,465,3,1,18,2,64,35,1,19,23,16,0,2,124,0,93,2,3,3,0,0,790,2,7,29,0
27,2,1,90,1,133,96,0,2,8,10,0,18,32,1,0,8,2,2,6,1190,345,20,187,15,23,4,9,0,37,9,53,0,0,8,27,22,1,31,2,209,0,28,0,615,0,7,2,1,0,1,0,12,1537,188,51,7,0,267,0,10,92,0,55,0,22,38,0,33,6,70,16,11,4,265,0,116,14,26,18,0,0,0,24,0,16,177,17,20,25,0,3,197,0,449,19,0,0,1,193,0,0,1,0,2,94,31,29,15,44,0,139,0,0,540,0,129,2642,0,0,26,29,159,11,805,21,7
447,36,0,32,0,0,29,0,237,0,3,0,12,6,213,0,0,9,0,0,0,7,7,42,979,10,15,41,2,19,2,45,0,0,11,101,13,4,25,206,152,91,0,0,6,0,3,19,196,1,2,40,15,78,0,40,21,16,541,0,2,58,0,418,1,129,89,16,5,6,10,3,173,0,1233,0,21,0,45,35,94,0,355,1,16,5,88,17,12,8,0,4,59,8,1164,0,0,2,5,4,0,546,2,0,60,65,0,7,5,106,237,1892,620,3,0,0,40,2,0,1,15,55,149,0,336,7,1
521,51,0,39,15,0,72,58,0,29,2,2,72,21,250,0,14,2,713,8,1,12,5,279,38,9,68,6,0,33,1,2,0,6,32,21,8,6,2,16,954,1,28,3,359,2,18,19,0,82,0,0,8,107,43,14,5,12,1029,5,8,22,5,81,74,525,108,6,22,4,61,2,33,8,155,3,23,36,18,10,41,1,225,4,5,50,42,8,31,1549,0,5,42,11,172,0,2,0,1,9,914,1,48,1,7,1,37,5,5,5,3,1202,0,0,206,6,30,73,2,3,36,8,52,19,830,6,2
34,20,0,38,0,1,67,83,255,19,0,1,8,10,86,0,809,0,1,13,722,206,0,86,23,28,56,8,4,118,4,40,367,0,6,54,0,0,20,180,78,24,192,0,6,0,0,0,0,0,9,83,67,1562,75,10,0,2,812,0,178,124,66,1,1,0,184,1,21,24,6,255,10,17,249,0,15,3,41,6,29,0,230,3,34,6,16,22,8,24,3,18,165,526,424,22,0,6,2,5,1157,1,0,0,35,99,53,20,10,7,1,686,135,11,0,0,82,316,0,0,6,82,102,10,148,4,8
154,0,54,8,151,0,3,0,0,5,0,1,32,2,0,40,25,38,18,0,0,8,3,12,4,0,1,2,0,12,0,1,0,113,13,0,1,2,1,8,336,0,14,14,2,22,1,2,0,124,0,0,11,1,0,29,0,4,93,30,0,0,5,0,303,377,0,0,48,0,12,0,0,2,1,17,1,34,0,1,61,1,1515,1,29,3,22,2,7,7559,0,10,6,4,2,0,1,0,0,0,0,1,209,6,0,10,5,0,5,0,0,3,0,1,95,12,1,0,8,0,4,0,17,0,210,1,0
424,32,0,227,2,554,168,0,164,0,0,0,2,87,128,0,0,0,1,0,0,0,8,106,11,3,240,0,0,72,0,67,0,0,8,335,1,0,28,0,38,60,0,0,0,0,6,0,1,1,8,29,87,3579,1,113,12,17,296,0,0,49,15,0,3,329,174,4,0,0,6,0,87,7,798,0,16,1,1,13,0,0,1,0,0,8,7,8,5,37,0,56,22,0,1745,0,0,4,18,12,0,1,2,0,15,0,55,0,105,6,123,229,78,2,0,0,79,0,0,7,35,100,777,1,24,29,2
129,6,11,0,171,19,4,1,0,2,1,2,0,0,53,2,0,0,0,0,0,0,1,58,19,2,80,1,0,8,6,9,0,0,7,25,0,3,0,26,1,0,0,13,53,14,3,12,0,1,0,11,14,1287,0,7,6,6,412,0,0,13,0,95,1,71,42,0,9,0,8,0,8,6,0,18,22,9,19,7,0,1,0,1,0,7,48,1,0,8003,0,6,5,7,219,6,1,0,1,0,0,0,217,2,3,48,0,0,0,11,110,19,2,1,0,12,22,330,2,0,0,0,11,0,74,0,5
275,1,0,8,2,30,19,1,363,86,5,1,7,57,22,0,36,0,0,35,1,5,5,150,1,8,767,0,4,1,18,86,0,1,3,0,54,157,31,287,113,0,0,1,88,0,12,0,0,1,6,43,53,5103,4,16,0,9,61,0,12,181,98,1,1,31,245,1,8,0,23,6,1,31,1280,0,82,1,4,17,0,0,1,1,0,12,71,0,5,75,0,4,26,4,843,0,30,5,0,2,0,0,2,1,162,0,1,24,0,11,0,196,0,0,0,0,294,0,0,30,18,0,51,1,74,3,0
264,55,0,36,3,77,62,0,912,21,2,0,34,8,130,0,21,5,1,24,0,538,23,90,20,59,144,310,8,52,6,60,15,0,23,190,8,9,8,494,352,9,192,1,22,0,8,29,0,0,4,2,61,2366,0,89,0,4,669,0,10,51,0,78,7,24,152,0,0,15,23,6,0,48,178,0,41,0,139,5,74,0,114,3,23,23,42,8,17,22,0,16,45,8,1442,8,8,5,2,16,1,21,3,0,7,3,136,0,26,16,48,193,2,8,2,0,247,0,0,8,54,2,84,69,896,8,5
193,15,0,8,113,6,4,0,126,0,1,1,8,1,26,1,15,4,0,1,165,2,0,27,23,0,109,0,1,53,3,40,3,1,9,27,3,2,3,24,95,6,2,10,3,9,1,10,83,0,1,1,21,715,4,12,1,6,813,0,1,33,10,132,9,4,51,3,85,6,10,0,211,17,411,10,40,20,5,0,19,1,292,1,6,4,16,5,3,5999,3,2,17,7,998,0,4,1,1,0,0,81,157,3,8,2,2,1,0,3,7,306,0,4,0,15,22,1,2,2,3,7,33,1,100,3,4
94,5,43,16,2,2,63,21,375,0,3,0,30,0,9,0,0,44,0,16,1,71,17,0,59,120,683,0,16,8,1,241,0,0,5,31,6,31,18,1,282,1,1,0,112,0,0,62,0,0,0,3,87,504,0,5,0,2,1943,0,64,21,62,305,1,0,479,0,0,10,51,146,0,13,2401,0,8,3,0,29,77,0,1,1,0,0,36,0,14,31,2,12,11,0,2435,5,0,6,4,0,1,10,1,0,69,41,0,0,0,3,5,84,237,3,26,0,43,1,0,16,40,0,145,0,10,8,0
382,3,43,7,81,37,9,7,107,2,6,1,13,0,34,1,0,0,2,1,0,55,0,20,22,1,220,3,2,3,2,0,0,0,12,0,0,7,5,68,165,38,51,7,6,7,2,6,0,0,0,4,19,9,37,7,33,16,355,1,203,35,52,0,3,11,462,5,3,0,5,21,251,0,907,9,7,0,0,17,1,1,1,89,13,4,48,0,2,4463,0,1,48,6,2,0,1,0,3,0,0,1,137,3,5,52,104,0,0,27,118,2680,0,2,1,4,40,1,1,10,24,0,13,4,183,0,4
60,0,0,28,101,0,15,0,198,0,0,0,3,0,1,1,0,1,1,6,553,5,0,45,5,0,243,0,28,0,0,91,0,0,3,0,0,14,1,0,38,0,0,10,1,11,2,10,289,1,2,177,14,1252,0,4,15,2,70,0,0,149,0,119,1,0,126,0,0,1,6,0,47,0,274,9,2,0,0,30,0,1,0,0,0,2,0,11,2,6140,2,10,74,0,1087,9,5,3,0,0,0,22,173,0,37,0,0,0,2,0,0,158,0,2,18,9,28,0,2,18,0,2,10,0,112,0,3
1606,34,0,85,2,50,75,1162,135,0,1,0,0,75,155,0,2,0,37,8,170,10,1,0,36,23,1020,0,9,56,5,0,0,0,28,0,0,143,0,65,1,0,0,0,0,0,0,0,0,2,5,2,0,2125,401,0,7,68,463,0,0,138,0,0,13,0,460,1,3,49,0,0,2,2,443,0,21,0,0,0,0,0,0,2,0,0,25,7,2,81,12,0,195,16,3,2,0,42,4,18,2,0,6,1,45,21,2,0,0,8,971,20,102,3,0,0,261,1,0,18,55,1,202,105,563,14,2
1023,1,0,113,0,94,41,0,61,119,5,0,136,4,6,0,0,1,0,78,104,88,18,154,69,12,4,0,16,21,9,3,0,0,77,53,0,4,21,0,1920,74,0,0,55,0,7,22,203,0,2,4,0,191,83,138,1,36,1712,0,0,9,30,59,1,339,316,0,1,61,85,33,0,16,1,0,104,0,35,43,0,0,0,1,9,38,55,49,41,13,10,44,18,0,122,0,1,0,4,9,0,1,1,0,0,180,88,0,0,97,3,75,0,4,198,0,0,150,0,0,103,0,173,78,2495,9,27
585,14,6,67,0,334,47,0,288,28,1,1,10,4,70,0,19,0,6,24,291,0,3,5,33,0,116,2,0,12,9,55,0,0,31,202,4,1,4,4,223,2,49,0,166,0,8,3,47,1,7,36,9,2738,12,164,0,26,580,0,0,105,1,76,2,136,75,1,144,1,21,0,17,4,175,0,70,197,6,0,4,0,0,4,0,4,32,0,14,14,0,54,129,31,1416,3,1,2,1,0,543,1,1,0,169,1,24,1,6,11,60,797,0,10,1,0,17,0,0,5,28,21,76,11,1131,6,0
581,0,1,76,1,17,101,0,91,2,8,0,8,5,4,0,14,0,0,12,1,0,5,114,11,30,5797,44,1,19,2,47,14,0,5,3,22,12,71,0,145,1,114,0,8,0,6,6,55,0,2,2,64,1951,0,8,3,22,309,0,151,317,1,52,1,131,113,0,1,9,22,28,31,31,21,0,22,0,1,7,15,0,1,0,4,11,76,396,12,12,18,5,6,11,107,6,3,8,2,11,41,0,1,0,10,10,87,13,58,30,0,25,0,7,0,0,22,23,0,89,11,11,62,3,38,8,0
56,44,0,0,2,659,103,0,196,47,10,0,23,28,141,1,11,100,2,0,0,1,32,178,4,13,725,41,1,47,15,91,0,0,1,59,23,2,0,35,424,39,83,0,70,0,16,13,46,0,3,47,32,1271,0,107,8,2,172,0,11,56,58,555,2,309,49,1,30,17,77,48,54,0,431,0,149,3,14,9,129,0,238,3,69,11,388,0,32,15,31,40,110,105,960,2,1,11,13,0,0,872,0,0,27,3,148,2,0,56,76,96,57,1,172,0,548,1,0,21,0,155,686,12,5,17,2
68,22,1,71,74,6,126,0,216,0,3,0,0,37,136,0,101,2,1,27,0,3,3,138,10,3,89,0,0,274,6,4,1,0,2,59,0,0,0,78,1,0,0,4,3,6,4,0,0,1,0,78,38,395,0,162,18,3,322,2,1,11,0,6,1,126,16,3,452,3,0,0,13,2,91,4,60,48,1,0,1,1,160,2,0,6,41,1,0,3748,39,85,65,49,82,0,4,0,4,0,0,3612,118,2,4,4,0,0,28,14,0,131,0,12,1,8,0,1,2,1,0,0,307,0,19,23,0
333,22,0,0,22,23,12,0,1,21,5,0,49,0,112,0,240,16,1,0,1,80,31,0,33,0,453,78,67,37,8,30,0,0,6,60,0,14,0,346,783,9,0,3,133,1,0,39,483,1,2,730,10,1318,50,22,6,15,368,0,7,55,0,293,3,0,0,4,16,17,95,10,0,0,666,1,83,0,71,0,0,0,1,1,0,0,112,61,33,1142,1,2,0,3,306,0,0,17,5,0,1,0,46,0,15,4,0,0,0,122,8,1138,0,9,0,1,0,1040,1,12,1,26,298,0,166,14,30
123,3,0,24,0,93,32,0,85,11,2,18,115,9,25,0,0,140,7,0,0,41,3,0,61,6,20,37,1,10,7,1,0,157,51,14,0,0,67,0,311,0,33,0,7,0,0,5,5,0,2,25,75,1213,104,11,3,5,2017,62,3,9,58,54,3859,31,52,0,18,0,24,0,3,0,71,0,80,1,6,40,44,5,6,0,7,0,68,0,10,11,0,12,55,257,98,1,0,0,0,10,482,0,1,0,1,0,253,27,23,7,262,21,2,2,0,0,53,0,0,0,13,3,39,1,868,4,3
750,7,1,0,84,118,2,3,636,15,0,10,1,0,60,1,0,0,2,41,2,0,8,100,0,0,939,0,39,1,0,16,1,6,142,0,0,45,0,72,0,0,0,8,0,4,5,35,0,13,5,13,0,865,0,0,0,23,1,0,0,42,0,608,30,0,1550,2,2,9,0,0,0,5,243,3,0,3,0,0,0,4,1,1,0,18,0,0,0,4261,0,0,0,98,203,0,0,1,14,21,3,1,136,2,6,0,0,0,0,0,1,10,121,10,1,7,2,31,1,10,0,2,458,0,2,16,0
178,11,0,7,73,0,2,2,92,3,0,2,13,0,38,2,0,0,60,3,1,92,1,128,9,2,122,40,0,5,1,12,8,15,8,10,0,1,1,24,230,3,75,5,5,4,4,8,66,31,0,7,4,6,1,5,11,5,229,2,18,35,0,140,74,66,59,0,0,1,7,11,5,3,172,6,9,0,3,7,8,2,1,2533,28,13,15,0,2,3651,1,12,11,7,482,0,0,1,1,2,481,26,106,12,29,51,2,2,1,3,83,1653,85,0,59,6,11,1,29,4,0,6,20,3,275,2,5
953,7,1,42,0,881,39,0,151,51,7,0,30,80,56,0,5,35,2,81,0,17,7,388,32,0,2,7,0,66,6,12,95,0,30,0,22,3,8,0,522,0,174,0,54,0,15,12,0,1,1,0,47,1087,0,72,8,29,670,0,0,8,14,382,1,484,1,0,79,40,17,0,58,19,284,0,65,40,60,14,128,0,14,1,19,43,198,0,9,27,3,30,51,31,841,0,5,1,8,2,0,64,2,0,1,0,7,39,376,42,1,948,48,7,34,1,41,1,0,1,17,24,161,38,1354,8,11
205,1,1,0,85,0,0,0,230,7,0,0,0,0,1,0,0,0,64,13,0,1,0,0,0,3,11,0,1,2,0,18,0,0,1,18,0,18,0,0,0,0,0,5,3,1,0,32,1,22,3,5,11,1187,12,0,13,5,0,0,0,12,0,0,1,0,104,1,0,5,0,1,0,0,1766,4,11,17,0,0,1,2,1,2609,0,0,32,0,0,4433,0,0,1,0,39,5,0,0,0,0,0,0,129,7,11,15,0,1,0,1,0,17,1,0,0,10,1,769,0,2,0,2,20,0,0,0,1
34,120,1,19,168,12,19,82,0,1,0,1,3,0,478,1,0,13,2,1,0,14,9,19,0,0,377,0,0,16,1,23,6,3,1,16,0,0,0,2,60,11,0,9,106,14,2,0,0,1,1,0,2,585,5,17,7,2,27,0,0,54,1,187,1,230,0,2,20,0,19,0,9,5,20,25,9,5,0,0,6,2,72,3,0,1,4,5,3,7471,1,5,14,1,287,0,2,25,6,2,0,0,298,5,8,0,0,3,11,0,107,467,0,4,0,16,19,1,3,9,3,54,71,0,146,2,0
35,21,40,14,52,63,7,1,216,7,0,6,7,8,132,0,3,0,8,3,123,5,1,7,7,1,199,0,1,2,0,18,85,65,0,17,3,1,6,19,52,7,1,4,0,6,1,14,88,4,1,25,3,741,0,4,5,0,61,35,16,19,0,79,1671,16,110,4,7,1,3,6,5,6,364,8,6,19,11,1,83,1,7,2050,1,0,6,4,1,2266,1,2,4,6,256,8,0,10,1,4,0,184,75,1,23,25,18,0,0,4,0,13,1,4,55,4,6,2113,2,0,2,29,61,0,69,5,4
437,12,48,24,4,616,16,0,318,93,1,0,18,7,42,0,48,1,4,42,0,0,13,62,79,0,82,1,0,51,29,50,0,0,16,34,0,1,3,54,350,5,0,0,2,0,4,1,29,1,0,16,79,1908,4,166,2,19,2092,1,0,38,5,94,0,508,78,0,245,10,39,0,7,6,171,0,394,0,2,0,0,0,55,1,10,15,48,0,15,222,2,1,281,26,1034,0,42,6,6,16,36,59,5,0,131,0,4,2,0,16,0,177,4,6,270,0,483,168,0,1,1,15,259,1,66,36,1
323,10,0,23,43,2,38,0,60,9,5,0,0,16,26,1,5,8,2,9,0,0,5,586,10,32,65,70,2,212,4,19,0,0,17,6,9,4,23,102,0,1,308,4,0,2,18,58,186,1,9,2,40,2902,54,12,12,11,454,0,3,16,0,197,1,71,309,0,0,8,1,22,2,12,9,3,28,0,14,43,30,0,852,2,26,69,22,22,0,2358,20,1,41,16,713,0,4,16,0,0,1,38,60,2,1,17,12,11,26,19,0,329,5,1,40,5,91,163,2,4,64,37,90,0,216,0,31
824,2,0,167,0,35,41,1,93,28,4,0,34,21,15,0,29,0,2,22,328,644,16,35,24,69,35,6,1,59,5,12,1,0,29,0,10,2,82,16,446,0,23,0,294,0,2,4,61,0,1,19,32,775,0,26,2,36,506,0,39,41,54,44,8,85,27,1,1577,0,48,1,12,0,180,0,67,199,29,27,0,0,0,2,0,2,71,19,17,10,0,5,154,18,237,5,0,0,1,102,0,0,1,0,5,3,72,43,4,52,0,322,1,0,0,0,355,961,0,1,52,9,109,27,1981,4,4
329,41,642,10,53,4,0,24,1,4,6,1,0,4,213,1,4,9,0,0,0,32,1,0,13,27,1,6,0,10,5,6,0,0,0,12,0,2,2,0,2,206,66,10,26,7,0,9,1,1,2,0,15,1878,0,9,1,14,33,1,30,35,11,178,1,212,0,0,4,2,3,79,0,14,1,8,9,1,9,0,73,0,1,273,0,0,334,0,1,3884,10,21,70,30,1198,0,1,0,4,0,0,792,84,2,1,6,4,0,28,54,5,182,1,4,0,9,21,0,1,0,26,109,131,0,296,7,0
122,71,0,55,0,25,25,0,400,6,0,0,2,0,297,0,28,27,0,11,0,20,3,132,44,3,143,0,0,70,6,89,0,0,28,61,5,4,22,84,28,22,108,0,102,0,3,6,0,0,3,165,65,993,453,17,47,3,802,0,9,10,50,1203,0,102,194,28,18,15,0,158,22,4,994,0,15,10,4,8,136,0,33,0,15,26,16,0,1,12,0,7,175,0,987,10,6,2,3,18,0,2,1,0,60,9,89,44,134,10,92,59,2,1,0,0,107,1409,0,3,46,53,38,3,945,4,3
291,5,0,81,107,10,37,0,0,7,1,4,23,6,57,2,5,5,3,11,0,37,8,97,136,0,60,3,0,6,1,5,83,0,41,8,0,0,4,306,376,2,27,11,105,12,3,3,96,379,0,241,14,146,29,18,17,16,606,1,2,2,3,87,4,72,99,1,6,2,43,11,11,0,115,7,25,0,64,3,3,25,1,14,60,22,29,32,14,5589,10,16,34,6,57,2,1,0,5,8,12,1,158,255,3,0,3,1,29,4,37,3,2,10,0,18,176,1,2,1,10,5,95,8,1133,2,3
150,54,0,122,11,13,144,0,0,6,2,0,15,36,265,0,47,0,0,0,0,67,10,63,16,173,251,9,0,154,8,102,13,0,7,38,25,5,13,0,241,0,52,1,119,2,0,0,118,1,0,2,63,834,11,75,3,4,333,0,78,19,0,171,5,915,255,8,433,0,36,5,22,0,512,0,36,245,0,0,15,0,4,1,26,0,77,9,9,469,89,36,60,26,1692,3,71,8,10,9,793,0,13,0,15,37,13,13,99,0,0,362,1,27,942,0,8,1,0,5,0,22,266,0,343,12,5
288,30,21,138,3,822,42,0,29,51,3,0,27,42,91,0,149,0,1,8,1182,138,16,1,9,0,2,19,0,179,5,10,0,0,12,140,5,4,37,82,232,20,167,0,102,0,0,1,1,0,3,23,61,1496,0,136,0,8,232,0,15,246,9,370,0,4,73,0,35,0,41,0,12,0,131,0,21,0,31,3,3,0,9,2,19,1,33,26,23,17,107,78,172,38,718,3,6,1,3,26,0,0,2,0,7,70,44,75,563,37,0,2089,0,1,0,0,15,0,0,1,7,7,163,7,577,5,0
276,1,0,44,2,306,62,22,3,13,2,14,61,45,2,3,0,61,11,1,0,63,1,0,82,1,1,22,1,51,11,0,0,165,55,0,0,1,78,2,152,0,31,0,1,0,0,5,0,1,0,2,84,53,106,10,0,19,1992,98,0,0,78,1,4616,74,1,0,57,0,12,1,0,0,11,0,116,2,3,30,24,5,2,1,20,15,123,0,9,19,0,31,89,432,3,1,0,0,4,59,165,1,1,1,0,2,374,48,27,6,1,1,0,6,0,0,139,1,2,0,21,1,73,9,1264,11,1
187,372,0,13,1,0,21,154,0,0,5,0,0,19,1325,0,15,0,0,63,0,108,5,0,4,60,1407,0,6,2,0,213,0,1,8,0,3,129,17,529,1,0,0,0,48,0,0,23,1,0,1,0,103,1394,80,17,0,5,126,0,96,106,21,1,1,121,1,1,2,0,5,0,0,13,1017,0,6,5,18,0,2,0,2,1,0,0,17,0,1,59,19,17,6,5,2839,12,0,22,2,0,0,0,6,0,95,11,15,0,0,33,0,178,1,3,1,0,7,2,0,36,54,0,50,29,604,2,0
365,23,60,41,1,5,25,34,0,18,9,1,12,14,91,0,60,2,0,12,3,245,5,265,41,1,232,3,2,15,10,43,0,0,33,25,0,14,9,383,124,14,31,0,18,0,12,8,122,0,0,6,55,13,0,32,9,26,1148,0,217,118,9,365,1,16,601,2,17,6,27,94,29,9,874,0,105,2,11,1,1,0,4,0,12,36,84,44,8,20,0,10,84,9,389,26,4,0,0,0,0,0,3,0,893,24,17,17,3,50,692,2057,82,9,0,0,43,189,0,12,17,27,68,36,800,3,7
234,11,192,349,0,0,19,0,218,49,6,0,11,25,131,0,6,0,1,23,0,266,2,2,39,4,8,0,2,64,6,1,2,0,1,0,22,10,19,1,313,6,0,0,0,0,0,1,0,0,4,0,45,2172,0,13,40,8,1010,0,26,11,0,205,1,0,0,0,444,6,5,23,1,32,140,0,54,11,29,70,0,0,2,3,0,0,236,18,6,16,41,45,77,20,441,23,4,2,1,0,0,168,3,0,129,206,6,23,0,0,984,2438,2,9,0,0,208,235,0,2,93,28,70,56,2,12,8
134,1,1,7,87,0,10,0,0,7,0,2,23,0,8,1,0,1,2,6,0,11,1,59,9,5,3,13,3,15,1,65,1,139,4,0,2,1,1,0,88,72,23,12,47,5,5,5,0,154,2,3,3,1589,1,4,0,4,160,34,0,18,14,120,540,46,358,0,7,0,6,0,1,0,823,5,4,2,7,4,17,4,1,9,1,1,8,2,2,4788,2,4,3,3,1324,2,1,1,0,0,1,269,111,11,30,12,18,3,8,2,0,197,75,2,0,5,19,1,2,0,10,33,14,3,218,2,7
113,10,3,28,133,16,29,5,33,2,0,2,5,6,48,3,0,2,454,2,390,14,1,45,5,2,2,14,14,67,2,0,592,0,6,0,3,8,2,0,24,29,112,15,10,13,2,25,0,109,2,0,12,714,4,7,0,6,110,2,29,71,4,0,18,37,64,0,5,3,3,14,0,28,37,14,15,2,46,4,8,3,69,1,10,7,6,6,0,6701,1,12,18,2,121,0,5,0,2,0,0,690,209,12,4,3,6,0,7,10,202,25,45,0,36,14,15,1,2,0,18,6,12,3,58,1,10
396,83,0,59,0,14,85,0,284,19,8,0,13,25,297,0,4,5,0,8,0,187,14,515,10,37,284,18,0,21,7,20,4,0,18,32,49,0,46,4,197,5,51,0,12,0,28,13,262,0,0,161,10,1156,48,40,39,9,223,0,7,82,0,481,3,244,184,4,1,0,20,18,386,8,242,0,104,0,13,8,12,0,226,1,49,49,194,13,8,9,3,32,64,3,685,3,18,0,1,48,0,27,2,0,52,98,21,118,16,21,6,1964,44,3,111,0,867,0,0,11,66,39,191,10,272,7,18
821,2,16,6,170,2,19,45,70,7,3,2,1,2,2,1,10,0,1,5,0,26,0,93,16,4,10,0,0,23,6,3,3,26,8,0,0,0,1,0,132,0,0,17,10,8,6,0,0,38,0,0,2,17,15,13,0,25,172,3,1,0,6,1,64,129,9,0,14,2,7,0,0,3,22,15,16,2,6,3,30,9,2,19,0,17,73,1,1,9015,2,18,34,16,49,2,6,0,2,4,0,18,264,2,2,0,7,2,0,7,11,10,5,1,0,18,1,9,9,0,6,0,45,1,122,4,2
125,69,1439,54,3,1,24,0,335,53,0,0,2,0,220,0,0,39,475,185,0,0,12,138,0,6,18,2,18,0,0,174,0,1,0,39,5,14,2,0,9,0,1,0,306,0,5,16,2,1,2,0,27,2145,0,1,0,2,1,0,45,17,0,0,4,96,1,10,5,19,101,40,541,16,806,0,0,190,0,8,70,0,1,2,0,3,0,9,10,8,0,2,8,1,1783,0,18,0,3,0,0,0,2,0,41,77,0,0,4,0,41,194,0,3,101,0,0,1490,0,2,32,24,172,21,3,5,8
68,1,138,35,92,0,20,0,0,3,2,1,1,6,2,1,11,4,1,12,1,151,2,56,5,0,1,79,0,3,5,35,111,0,2,28,4,2,1,68,7,494,241,7,0,3,2,3,0,1,5,11,16,1442,0,0,35,4,139,0,40,4,46,365,3,15,68,0,6,4,0,80,422,0,399,7,25,1,5,1,10,1,1,3,15,2,50,8,0,4557,1,5,31,3,1126,2,3,0,1,3,0,0,139,0,17,3,20,13,5,17,214,138,1,3,0,16,45,0,2,0,6,483,55,11,138,2,4
196,2,456,31,2,39,194,161,275,0,2,0,1,0,4,0,0,0,5,48,171,0,15,120,30,9,2242,0,46,2,0,56,1,0,9,20,0,37,16,861,27,0,0,0,239,2,6,316,0,0,0,109,18,1220,59,220,0,3,844,0,861,62,78,2,4,75,151,0,15,31,44,16,0,32,32,0,0,1,0,12,0,0,1,1,192,15,80,77,6,103,0,32,70,0,339,45,0,19,13,0,1,1,6,0,92,12,1,0,0,3,2,32,0,72,1,2,60,685,0,41,0,1,436,6,7,15,6
59,0,7,0,94,1,2,2,0,0,0,1,1,0,0,2,0,0,2438,0,0,0,0,0,2,0,4,0,2,0,0,1,0,5,3,0,0,0,2,0,3,0,1,11,2,8,0,2,0,357,5,0,7,1958,13,0,0,3,123,3,0,6,0,55,43,11,1,0,18,0,0,0,17,2,1561,14,0,3,2,0,1,6,0,1,0,0,10,0,0,4860,0,5,2,6,2,0,0,0,2,0,0,0,138,7,8,0,0,0,0,11,0,14,0,0,9,15,9,1,0,1,2,1,7,1,34,0,0
23,3,0,4,148,2,35,0,40,0,0,1,4,0,34,1,0,0,0,1,162,0,3,0,0,0,51,11,1,7,1,11,28,0,0,21,0,1,5,0,50,0,0,11,8,5,0,10,52,0,4,269,3,861,0,14,8,1,0,0,2,49,0,85,1,0,3,2,32,2,6,0,71,1,109,11,11,1,16,2,0,1,75,217,9,0,25,0,3,8200,10,6,5,2,233,1,3,0,4,1,0,297,210,5,10,0,46,0,0,10,101,54,0,9,0,10,31,1,1,1,4,0,107,1,0,7,2
80,14,0,44,2,0,24,0,138,39,1,0,113,7,58,0,6,2,1,7,1,19,8,8,2,0,210,2,0,22,4,16,2,0,2,16,0,0,19,315,1397,11,1,0,26,0,0,6,77,1,7,136,0,6167,39,12,2,2,321,0,0,94,14,45,2,1,44,8,0,15,61,68,28,7,916,0,33,0,9,2,0,0,103,1,10,3,8,42,24,7,0,2,21,0,354,1,0,2,1,0,0,0,2,0,21,1,10,155,2,32,89,172,0,2,0,0,64,0,0,9,10,64,33,2,25,1,0
50,39,1,6,93,20,5,2,142,0,0,0,9,1,179,2,3,3,1,1,0,9,1,3,15,1,166,4,0,8,4,31,0,0,5,15,1,2,1,1,129,8,19,9,86,12,0,0,0,1,1,1,6,1376,11,10,7,1,280,1,0,72,1,0,1,19,56,13,10,1,20,0,0,2,496,13,17,0,5,2,1,1,103,1778,7,0,17,0,5,5135,0,1,24,7,623,1,1,1,1,0,0,0,119,7,30,51,0,4,3,3,62,205,141,1,0,10,20,1,2,5,6,2,22,8,102,2,2
723,121,0,57,9,0,163,0,0,0,2,0,4,0,1203,1,0,0,28,68,1,6,1,259,1,3,3,0,13,14,34,1,0,0,0,0,0,6,87,0,26,0,0,1,109,1,12,6,1,7,1,0,13,9,20,65,0,23,66,0,1,0,57,214,1,0,1,1,65,34,14,0,0,19,0,1,275,23,0,0,4,0,175,1,0,16,121,67,2,634,13,222,85,4,904,0,10,0,11,0,773,1458,23,1,3,47,41,0,145,48,0,3,2873,55,275,0,0,1,1,0,6,0,101,0,6,9,0
24,6,20,16,122,0,31,3,86,16,8,1,5,34,66,0,0,0,2,3,0,4,5,81,5,3,3,1,1,247,3,0,0,2,2,0,14,7,10,0,68,56,0,7,0,5,92,8,246,2,5,4,18,2307,5,3,0,1,140,1,70,19,3,272,1,30,406,0,3,7,11,7,156,7,14,10,12,0,13,2,6,3,1,0,151,6,212,1,3,5586,0,9,31,288,1,7,24,0,1,5,0,0,151,2,0,0,3,10,0,100,15,7,0,1,0,10,289,114,2,0,5,5,66,0,54,2,0
32,56,0,5,118,13,9,0,5,2,1,0,0,1,387,1,1,0,26,9,0,8,0,2,1,4,10,1,0,3,0,4,0,0,2,0,0,0,0,0,11,0,0,15,35,7,1,3,0,6,0,23,6,9,0,10,0,1,27,0,2,92,6,0,4,15,1,8,2,0,3,0,22,3,233,12,4,1,1,0,7,0,1,341,0,1,15,1,0,6826,0,2,3,1,310,0,1,0,2,1,0,0,195,5,20,0,2,0,0,16,26,2404,221,0,0,13,17,141,29,0,3,0,16,3,108,2,1
179,52,0,0,95,1,15,1,1,7,2,1,3,5,234,1,7,21,1,3,2,9,1,145,7,66,2,13,3,26,0,11,0,0,3,28,3,0,1,50,33,1,60,10,155,11,10,6,0,1,2,52,1,1794,12,11,0,6,164,0,430,36,1,0,1,27,92,1,1,0,18,1,0,1,19,17,4,6,15,13,17,0,7,246,20,18,34,1,1,6207,0,1,22,0,465,4,0,1,1,0,0,0,157,3,6,38,1,0,5,10,180,111,24,1,18,12,20,160,1,0,12,30,10,4,146,0,1
78,0,0,47,1,1,11,1,130,46,2,0,20,18,12,0,43,4,0,62,0,268,5,30,44,0,10,2,3,17,4,17,1,0,27,47,1,0,19,360,103,0,76,0,26,0,1,3,0,1,10,49,40,5883,54,6,4,0,1021,0,3,68,32,381,0,156,200,0,12,15,6,0,4,0,399,0,31,86,8,0,6,0,81,1,12,4,16,28,1,9,0,0,42,9,426,10,26,34,1,5,1,100,3,0,266,0,0,11,2,6,34,178,10,5,135,0,23,1,0,5,9,49,46,2,394,5,0
50,109,1360,28,1,0,22,0,3,17,7,0,13,34,620,0,15,10,1,90,133,6,6,152,26,1,97,10,2,35,1,28,53,0,16,2,21,0,61,152,257,21,11,0,30,0,9,1,59,0,0,14,50,1411,323,9,0,6,1167,0,12,65,178,2,1,134,5,27,0,23,31,58,6,7,483,0,4,0,26,9,84,0,272,1,22,19,54,17,13,25,1,21,14,0,1339,0,19,1,3,0,0,27,0,0,121,20,721,13,24,63,65,356,0,0,2,0,56,9,0,4,217,0,308,105,341,17,13
27,71,0,20,8,0,19,3,1,0,0,42,2,7,418,3,3,0,797,11,0,12,0,0,5,0,1,0,5,33,2,8,1,287,5,0,3,8,9,0,4,1,0,0,2,0,0,2,0,79,0,864,3,2,2,4,0,1,82,136,0,0,10,0,5986,23,1365,19,15,2,0,0,0,5,146,0,7,5,2,0,1,21,127,2,0,0,30,1,3,343,0,6,35,2,321,2,0,143,3,0,2,1,9,198,20,0,0,0,0,0,16,1,0,2,0,0,45,0,12,1,12,0,25,0,49,2,2
16,27,582,103,61,2,29,35,22,4,2,8,2,0,104,4,0,1,4,0,72,11,0,0,0,1,153,5,0,2,3,7,59,241,0,0,11,2,14,1,5,36,0,10,0,4,0,0,0,258,0,11,0,400,7,27,2,1,38,82,0,6,3,95,2315,4,5,2,0,2,1,4,12,0,72,9,5,0,1,0,3,11,0,2151,2,0,60,5,0,3694,23,30,46,11,164,0,5,0,3,2,39,194,109,5,27,0,21,11,4,21,6,18,0,6,0,6,81,27,8,5,0,113,49,2,36,2,2
7,7,0,15,190,4,8,0,61,0,2,0,0,0,65,2,0,0,2,2,0,2,0,37,12,1,0,0,1,27,3,1,0,0,3,25,0,6,0,10,16,0,0,17,0,13,2,19,0,1,1,0,21,750,4,16,0,0,544,0,5,8,1,0,2,0,21,0,7,3,0,0,0,0,20,17,14,1,0,0,0,2,0,4,0,1,27,0,0,9109,0,4,18,6,173,6,5,0,2,0,0,0,282,3,1,2,0,6,0,35,0,20,13,3,0,17,240,0,4,0,1,0,3,2,0,0,11
2,2,2,7,80,0,0,24,13,0,0,44,0,0,23,2,2,0,117,0,0,0,0,25,2,0,3,0,1,5,0,2,2,195,0,2,0,0,2,3,0,0,0,8,0,0,0,0,0,241,0,0,0,118,0,8,1,0,30,64,0,2,1,2,1794,0,1,2,0,2,0,0,0,2,50,3,1,0,0,0,0,14,0,5027,2,1,4,0,0,2953,8,0,11,4,80,1,0,1,2,0,2,0,495,32,3,0,0,3,34,1,1,7,12,0,0,6,3,2,400,0,1,0,2,1,0,0,0
182,58,0,19,2,0,13,0,0,10,2,0,5,7,311,1,10,0,2,3,1,456,4,9,0,39,372,24,4,100,1,0,0,0,0,0,0,3,4,163,32,92,177,0,66,0,0,5,0,0,10,218,12,4732,60,54,9,5,13,0,2,149,38,112,1,57,1559,20,13,2,12,114,0,7,751,0,9,0,97,7,3,0,262,0,1,1,53,11,4,18,23,0,8,0,6,2,0,0,2,0,298,1,1,0,146,38,134,3,100,68,0,190,97,2,1,0,28,1,1,26,23,45,37,69,60,3,1
270,13,0,88,1,192,55,59,0,325,1,0,16,16,71,0,27,57,0,4,0,94,2,104,14,0,223,0,3,90,4,63,0,0,38,137,4,11,17,223,152,1,0,0,257,0,3,45,0,0,0,6,1,13,15,23,6,20,506,0,0,82,0,0,1,187,582,10,17,0,42,0,191,5,850,0,45,79,36,0,14,0,0,1,5,14,8,0,9,16,5,27,13,13,876,2,0,1,3,5,0,2,2,0,34,1,5,3,0,6,48,3199,82,8,17,0,10,982,0,12,8,17,32,19,1089,0,29
106,7,0,134,2,161,103,0,234,24,2,0,1,8,36,1,0,3,1,1,1,89,4,0,45,1,98,26,0,82,24,9,0,0,54,4,0,0,4,4,20,1,79,0,2,0,0,2,1,0,1,72,60,2455,37,33,1,5,1229,1,0,24,4,58,3,39,173,1,39,0,0,0,0,0,245,0,306,3,2,9,0,0,8,1283,9,10,50,0,0,14,0,59,64,1495,186,2,0,0,9,313,46,0,1,0,6,0,42,15,4,10,402,61,1,2,1,0,139,0,1,1,15,5,203,9,1331,35,2
45,30,0,90,2,612,51,2,735,4,29,0,11,32,154,0,3,69,1,9,2,12,1,9,7,22,329,0,0,26,4,1,0,0,4,78,0,7,31,0,99,14,1,0,20,0,1,1,9,0,5,2,0,3554,0,29,11,2,168,0,0,133,0,0,0,102,291,27,2,0,15,0,23,13,1628,0,29,31,16,0,14,0,18,2,0,0,625,33,12,8,0,11,16,3,1,1,13,0,0,0,0,1625,2,0,88,0,106,28,16,171,68,19,292,12,0,0,17,1,0,3,0,39,29,6,93,1,0
11,30,0,10,127,0,23,1,1,0,0,4,0,1,192,2,3,0,5,0,1,0,3,0,5,1,355,0,6,18,8,42,0,143,0,33,0,46,10,0,1,0,0,11,0,11,0,24,141,142,1,0,1,871,0,2,13,0,153,28,1,61,1,18,578,11,0,11,4,0,0,6,23,3,325,23,8,4,0,0,0,4,18,2,29,3,8,1,0,7150,5,3,1,0,534,1,4,6,0,0,0,1,203,6,32,0,23,0,10,3,18,121,166,16,0,17,2,8,5,13,0,19,11,0,1,0,7
320,5,15,0,164,6,3,1,0,0,0,0,0,0,1,1,35,0,0,0,0,8,0,0,0,0,1339,0,3,10,0,101,2,1,0,0,0,8,0,1,0,0,0,10,22,15,0,21,0,16,0,0,6,6,5,0,0,12,0,2,0,0,0,32,3,0,1,0,0,0,1,1,158,3,316,15,12,0,0,0,1,19,0,2,0,0,0,15,1,8643,5,3,7,0,262,15,3,8,1,0,0,0,235,2,10,1,0,0,0,0,0,1,0,0,48,14,0,0,2,19,0,0,13,0,0,0,1
128,177,0,0,2,9,257,0,537,0,7,0,0,0,1627,0,85,110,1,0,605,4,9,0,61,13,3,0,10,334,8,26,1,0,6,66,0,34,97,1,0,31,1,0,0,0,0,31,0,0,0,50,59,3,1,55,0,5,1333,0,6,10,0,283,3,64,219,31,1,45,1,9,0,6,759,0,152,0,105,75,0,0,0,1,0,0,161,217,0,14,27,0,0,440,1916,40,0,0,9,0,1,0,0,0,80,235,249,66,0,31,178,3,347,2,0,0,1,0,0,0,0,0,393,18,14,6,6
29,0,2,5,77,67,5,3,1,2,1,1,23,1,0,0,4,3,0,1,0,5,3,6,2,0,3,5,0,16,0,22,5,1,3,2,11,0,8,0,361,82,21,8,2,3,3,10,109,3,0,58,3,5,29,12,4,3,68,2,0,12,0,3,6,79,49,0,1,1,21,0,49,3,588,5,6,3,0,0,20,1,1,3156,14,0,104,1,6,4090,0,11,46,10,256,0,9,1,0,2,0,0,112,5,10,0,4,5,3,16,0,1955,47,3,31,10,29,0,1,0,70,5,8,0,39,1,0
11,5,0,26,196,11,13,0,0,0,0,3,0,2,22,2,4,8,4,3,61,0,0,5,2,0,82,1,0,0,2,6,0,80,0,0,4,0,3,0,2,0,6,20,2,15,1,0,0,80,1,0,23,595,0,3,0,1,34,19,0,19,3,41,343,12,1,1,38,6,0,1,26,0,264,20,16,39,0,0,3,7,1,0,1,1,18,0,0,9138,0,5,10,0,112,1,0,0,0,3,1,0,279,6,4,7,1,4,0,4,11,21,19,1,67,17,21,0,1,1,0,25,2,0,16,2,0
75,39,0,32,95,0,64,60,0,58,0,0,7,10,200,4,3,1,2,7,0,0,7,5,11,5,197,10,0,31,1,38,0,4,16,13,0,12,4,39,74,0,0,8,243,7,0,1,18,2,7,64,27,2165,0,2,2,5,374,1,0,51,0,35,5,23,23,13,5,18,23,11,48,1,1239,12,13,0,28,17,0,1,1,1,2,3,10,6,11,4467,0,0,11,6,517,10,2,1,0,4,0,1,120,2,41,129,2,0,0,1,72,69,56,1,1,12,54,1,1,4,4,4,51,9,697,5,5
46,0,0,3,173,6,7,0,83,2,0,0,4,8,0,0,0,0,2,0,0,0,1,3,1,0,3,0,0,23,0,10,78,0,1,14,3,0,2,6,48,97,3,22,4,10,3,2,47,1,0,12,5,230,3,2,5,0,79,0,0,1,3,113,2,3,66,0,3,0,8,0,83,0,44,8,0,1,0,2,0,1,0,37,6,0,17,0,0,9446,0,0,0,2,57,0,0,1,2,2,439,0,251,4,1,0,25,2,6,15,4,13,0,0,0,8,18,163,3,1,0,44,18,0,29,3,5
45,50,0,0,102,0,13,1,0,1,1,2,1,2,215,1,0,0,1,1,0,0,5,0,3,2,2,0,2,10,1,1,0,0,4,0,0,4,2,103,50,112,51,9,13,7,0,21,1,3,6,0,0,1911,4,28,7,2,184,0,0,36,0,207,1,50,1,0,0,4,4,0,1,16,0,11,6,0,15,3,5,1,0,2030,0,0,24,1,1,5388,0,7,13,1,628,7,0,0,3,0,0,0,145,5,2,0,0,0,0,12,58,141,0,5,37,6,0,1,2,0,0,0,54,1,79,1,10
23,18,1,17,85,273,7,6,0,3,2,1,8,3,121,0,0,13,2,2,0,18,1,276,3,2,98,4,2,3,2,16,0,3,0,0,1,7,11,0,73,0,0,10,22,3,15,5,1,2,0,0,10,15,0,9,0,0,55,0,1,69,1,658,16,1,75,4,2,0,6,0,160,2,426,10,37,1,0,11,0,1,1,0,0,12,49,0,3,4547,0,0,52,0,555,0,2,0,0,1,0,24,122,2,17,16,3,0,0,0,0,3569,109,2,107,7,0,0,1,5,4,0,22,0,34,4,0
20,17,0,2,156,9,10,0,1,0,1,2,3,0,77,2,5,0,46,3,0,1,0,0,5,0,41,0,1,12,1,31,13,51,0,10,2,0,0,37,43,0,0,13,0,9,0,0,15,70,1,22,4,48,4,3,2,0,31,10,0,29,3,0,175,21,112,7,31,0,4,1,0,1,393,13,10,10,8,0,0,9,1,189,0,0,17,0,2,7910,0,23,20,9,377,0,11,0,1,0,186,193,208,18,36,2,3,0,15,3,0,884,21,0,1,10,13,14,127,3,2,7,15,1,21,2,0
65,11,0,19,131,13,0,0,197,4,0,1,0,3,166,1,0,8,2,4,21,5,0,0,2,18,2,0,3,4,0,1,5,0,0,7,6,0,3,2,1,0,0,11,19,16,0,15,1,3,3,8,1,353,12,15,2,6,82,0,6,3,12,0,1,32,8,0,0,11,1,10,222,0,238,24,0,0,17,0,11,0,10,1173,8,0,19,0,0,7359,0,0,9,0,418,28,0,0,0,0,17,6,226,1,1,0,6,0,6,4,75,680,8,0,10,8,31,0,1,0,6,6,44,0,0,1,0
4,12,298,6,131,0,23,0,119,0,0,0,0,6,40,1,0,4,1,0,55,0,0,31,1,1,84,5,1,7,2,15,22,0,0,6,0,15,3,0,1,237,52,15,0,4,5,49,278,0,1,0,1,1339,0,0,6,0,46,0,4,38,1,483,0,2,23,0,1,0,1,5,49,2,58,8,7,0,0,0,0,1,8,0,0,0,12,7,0,6968,0,6,9,0,468,0,2,3,0,13,106,0,172,2,7,0,0,7,3,30,34,219,0,4,0,13,14,201,2,6,1,37,16,0,20,2,0
38,186,0,17,1,3,19,15,0,27,6,0,43,14,1398,0,7,0,2,9,2,10,4,109,14,120,14,16,7,83,0,96,348,0,10,0,15,23,10,0,111,1,402,0,6,0,3,2,0,0,0,59,29,14,7,19,0,3,251,0,26,1,81,0,2,9,377,137,57,0,18,29,0,0,2292,0,12,28,0,17,90,0,4,3,11,3,174,0,12,16,135,27,59,4,1432,0,9,0,7,0,72,1313,3,0,274,2,0,2,147,19,16,6,409,5,0,0,56,1,0,1,28,1,176,82,746,6,0
140,38,0,33,18,0,8,45,324,0,5,0,0,4,134,0,89,32,6,0,0,27,1,7,12,4,319,37,6,53,1,109,519,1,6,0,15,2,11,407,5,311,108,3,26,4,0,27,0,2,3,5,1,1807,21,36,0,4,185,0,2,27,33,355,0,0,168,1,15,6,4,1,38,13,426,0,42,4,6,1,11,0,1,5,4,1,32,35,2,805,24,25,33,6,2352,1,0,7,0,6,225,1,25,1,17,7,15,4,71,27,0,178,0,2,0,2,148,1254,0,10,9,344,45,26,138,2,8
33,21,0,46,1,44,27,0,324,11,4,0,62,3,111,0,0,64,0,0,1,81,1,2,44,3,113,126,0,51,4,14,0,9,43,7,3,0,58,3,142,1,48,0,5,0,0,24,16,0,2,143,50,4106,94,3,11,11,1556,2,1,71,106,202,72,11,285,5,21,1,8,18,28,0,544,0,52,1,2,32,22,0,76,0,18,1,43,0,11,5,0,10,87,135,373,2,0,1,0,3,351,12,3,0,18,0,475,25,2,7,467,137,10,2,12,0,49,2,0,2,6,20,16,38,565,8,4
16,1,0,2,135,1,8,0,67,0,1,7,0,0,18,42,0,4,5,0,0,3,1,10,0,5,1,0,3,1,1,0,0,413,0,1,0,0,0,0,3,0,21,15,1,13,1,3,0,312,0,10,4,1,0,37,1,0,2,60,0,4,2,1,1302,15,30,0,2,0,0,0,0,0,12,15,13,0,13,0,0,25,5,52,0,0,60,0,0,7548,0,10,7,0,61,7,0,5,3,1,219,771,239,10,1,0,4,0,0,30,4,42,104,1,0,13,29,1,5,0,2,0,104,0,3,2,0
74,8,0,12,1,14,25,1,21,11,0,28,2,4,65,2,21,25,17,4,0,22,0,51,19,2,16,35,3,12,0,2,11,238,7,3,1,3,12,428,33,42,180,0,13,0,3,3,0,0,2,0,13,475,1,15,7,2,637,183,37,19,0,125,7509,84,74,1,19,3,2,14,15,0,67,0,15,1,10,5,2,7,40,1,3,8,22,3,0,23,2,4,12,2,43,56,3,0,1,0,0,0,1,1,2,1,2,0,44,1,5,710,1,4,32,0,5,1,2,1,2,1,14,3,128,0,6
91,67,0,26,1,0,21,0,0,22,0,0,4,22,324,0,101,11,0,6,4,3,6,179,19,24,199,19,2,39,1,33,60,0,6,69,4,1,7,205,24,22,123,0,147,0,8,2,194,1,3,37,21,4349,1,23,8,3,395,0,17,80,1,0,1,86,177,1,10,18,14,1,4,6,99,0,14,0,59,14,8,1,116,8,11,16,11,0,5,6,212,4,76,1,594,16,0,1,2,9,118,1522,1,1,16,7,8,18,403,8,0,367,9,0,0,0,21,359,0,7,19,259,144,18,53,8,2
29,0,0,73,0,4,65,2,134,7,21,1,67,28,1,0,7,6,0,5,1,141,28,123,45,52,249,104,2,33,4,56,121,0,16,0,31,3,13,74,257,0,59,0,81,0,7,1,172,0,10,0,19,4645,68,44,0,7,664,0,0,71,0,0,2,171,140,0,33,9,54,93,1,4,465,0,45,10,27,27,33,0,237,2,0,20,163,22,23,7,56,2,209,13,1312,4,13,81,2,0,1,1,1,0,8,45,2,13,30,13,1,327,5,0,0,0,86,0,0,22,96,0,219,8,170,19,7
33,4,0,2,152,0,13,0,161,0,0,1,0,0,32,3,0,0,1,0,0,2,0,0,1,0,2,0,6,1,0,3,0,69,0,7,0,1,0,0,1,0,7,13,2,15,0,0,0,80,2,49,4,669,0,1,5,1,9,14,8,63,0,217,247,0,232,0,0,2,0,3,29,1,93,13,1,6,0,4,0,3,127,1,4,0,1,4,0,7026,4,0,0,17,101,0,0,0,0,0,0,1122,203,22,11,1,4,0,57,0,1,218,532,6,0,11,1,0,2,0,4,235,1,0,1,0,0
95,39,209,7,131,3,2,7,1,2,0,1,0,3,197,1,3,2,0,0,0,14,3,0,3,9,1,3,0,3,2,1,0,0,0,9,0,0,3,0,0,312,20,7,16,9,0,6,0,1,3,0,7,947,0,24,2,7,8,0,8,12,8,214,1,86,1,3,9,3,5,54,0,10,1,10,8,3,1,0,17,1,0,112,0,0,455,0,0,6507,9,24,23,13,1025,0,4,0,3,0,0,409,185,4,0,3,0,0,27,52,1,72,1,3,0,18,9,0,2,0,13,192,209,0,45,9,4
18,157,2,3,20,0,11,0,1,2,0,0,0,1,352,0,6,2,1,0,983,1,0,57,2,0,10,11,0,26,0,62,263,1,4,0,1,0,0,0,3,221,20,2,0,2,4,5,0,0,3,0,0,1136,1,4,28,2,72,1,3,260,0,0,0,29,0,10,11,0,0,0,0,0,108,4,3,26,3,2,4,0,0,1811,7,5,4,1,0,920,1,6,6,4,3141,0,0,1,0,0,649,404,19,0,479,1,54,4,19,4,73,216,1,4,0,0,2,2,0,8,3,0,9,0,189,1,5
4,11,0,0,187,0,8,0,49,0,0,3,0,0,39,1,1,0,1,1,0,0,0,5,1,0,12,0,0,5,0,2,2,0,0,1,1,0,0,0,2,0,0,20,2,11,0,0,1,102,0,15,0,11,0,11,0,0,7,1,0,0,0,18,4,30,30,1,4,0,0,0,1,0,64,22,14,0,7,0,0,73,258,35,4,0,12,0,0,10446,0,1,2,7,100,0,0,0,1,1,0,0,262,10,4,0,0,2,1,8,0,1,19,0,1,16,4,0,3,1,0,0,16,7,3,3,0
20,48,0,4,119,53,10,0,18,0,0,4,3,2,190,0,0,0,5,5,0,0,0,10,2,0,63,3,0,4,0,7,67,80,0,0,0,2,0,13,35,28,21,7,0,7,0,11,51,146,0,0,15,301,0,0,6,1,43,18,0,13,13,53,547,3,46,3,0,0,1,0,47,0,48,19,2,1,0,0,2,1,49,1341,4,1,9,0,1,6986,0,1,12,5,275,0,0,26,3,0,312,3,207,6,14,0,14,1,0,3,1,406,1,0,0,15,6,0,9,1,15,0,17,4,42,0,2
1,5,0,2,149,0,17,0,17,0,0,0,0,2,20,1,0,0,1,0,19,0,0,22,0,2,4,0,0,12,1,0,32,0,0,1,0,0,3,56,1,8,14,17,0,14,0,0,1,0,0,7,1,69,7,0,0,0,20,1,48,3,0,10,2,20,2,0,1,5,0,0,1,1,2,11,16,1,0,0,9,2,0,2178,6,0,22,0,0,8640,23,5,6,12,25,2,4,0,0,4,32,0,214,8,1,0,0,6,6,12,0,1,0,0,6,12,30,0,1,0,3,13,43,0,22,4,0
12,15,0,17,121,9,4,1,0,1,0,1,2,0,98,0,0,2,1,1,1,18,6,39,2,7,81,20,0,15,3,51,60,0,0,109,0,0,3,0,42,4,43,9,3,11,1,3,0,2,0,3,3,2129,0,19,15,0,57,0,19,37,0,610,2,17,146,1,9,0,3,22,33,1,137,12,17,1,2,3,28,0,586,1,4,3,7,0,3,6106,3,9,5,6,288,2,1,1,2,1,30,0,174,1,6,6,1,0,8,3,78,173,77,0,0,9,7,54,3,6,3,56,73,0,62,0,1
11,8,67,5,18,0,142,2,293,2,0,57,0,9,33,5,0,0,19,2,942,0,0,89,5,0,20,11,8,6,0,34,0,279,0,15,1,6,7,0,0,112,6,0,0,1,4,24,112,193,2,4,5,994,25,3,5,1,62,115,0,74,0,202,4993,33,375,0,4,0,0,0,0,0,16,2,3,0,3,0,7,13,0,6,0,4,19,54,0,874,2,8,4,1,515,18,6,1,4,78,0,49,27,0,14,0,1,8,17,4,26,48,0,4,5,2,1,627,2,3,6,0,71,0,6,1,2
9,6,132,0,141,1,26,1,45,2,0,7,1,4,39,2,0,0,4,4,0,1,0,68,0,5,102,2,0,0,1,15,32,235,0,34,3,1,7,0,35,10,8,12,2,10,1,19,33,283,1,3,2,868,0,1,5,0,14,47,0,17,4,2,948,1,63,2,0,1,3,0,129,2,124,7,2,0,4,0,3,2,0,0,0,2,7,0,0,7470,0,7,9,1,189,5,0,2,0,1,0,384,195,13,4,5,1,1,2,5,0,41,1,0,0,7,22,1,3,5,4,0,7,0,6,0,4
36,20,0,0,0,0,27,171,95,1,2,19,3,0,83,0,0,0,21,7,233,0,1,0,6,0,0,0,17,26,0,0,0,268,0,0,0,21,0,1051,90,0,0,0,3,0,0,18,0,3,4,0,0,360,1,0,0,1,137,128,0,44,1,0,7643,1,0,1,0,4,1,0,2,1,1,0,0,0,0,5,0,4,7,1,0,0,34,1,2,33,0,0,0,0,2,0,0,0,11,0,0,0,2,0,19,0,21,0,0,0,0,1168,0,1,0,0,0,1,1,0,0,0,82,37,1,7,17
1,0,2,13,24,0,46,63,13,0,1,0,1,6,0,3,7,1,9597,0,1,0,0,34,0,0,3,0,0,24,0,1,1,1,0,0,2,0,1,0,7,0,8,0,2,2,2,0,0,263,0,0,6,8,0,6,0,0,5,0,0,0,0,8,17,6,9,0,19,0,0,0,0,0,1,3,12,9,1,0,4,4,4,1,0,0,4,0,0,1309,3,10,1,44,89,1,12,0,0,3,1,0,40,2,0,0,0,1,6,3,0,42,1,0,121,3,1,3,3,0,1,3,44,0,5,3,0
40,6,0,7,107,55,12,19,219,0,3,0,15,6,24,1,17,1,3,22,0,1,7,51,1,3,180,3,0,77,1,38,46,0,3,21,10,0,4,0,252,149,0,15,3,5,2,16,43,0,7,0,19,1959,70,43,0,1,97,0,0,26,134,0,3,50,24,1,15,0,41,52,1,0,366,10,20,14,11,0,11,0,0,0,5,3,60,1,8,5396,0,0,58,57,899,0,1,3,3,3,157,0,160,2,7,9,89,0,4,27,0,132,0,0,124,11,121,0,1,9,23,0,60,3,105,6,1
4,0,29,0,185,0,12,7,0,1,0,1,0,0,1,3,0,0,2,6,0,32,1,0,0,5,0,3,1,0,0,12,20,1,0,0,3,2,1,0,0,0,1,19,0,13,0,1,0,0,0,0,5,5,3,4,0,1,1,1,7,2,5,0,7,3,1,0,0,0,0,5,7,1,154,15,1,0,0,5,0,1,32,0,0,0,9,4,0,9472,0,0,8,0,470,0,0,0,1,0,0,0,261,3,1,7,1,0,1,0,0,1082,0,2,0,16,0,0,3,0,5,0,10,0,16,0,0
47,7,0,32,186,0,7,16,155,1,1,0,0,3,35,2,8,0,2,26,55,3,0,46,2,9,62,0,2,90,7,10,0,0,0,38,3,3,5,0,4,3,9,20,0,17,5,5,0,1,0,8,4,132,8,11,1,0,4,2,2,7,6,0,1,48,17,0,3,18,0,0,1,12,64,14,35,0,32,0,0,1,11,1,8,5,32,0,0,9356,17,14,81,0,235,66,3,0,3,7,0,1,261,2,41,0,3,6,0,10,0,287,0,2,5,19,32,87,1,2,18,0,18,5,18,2,0
30,378,10,2,4,1,5,5,1,0,3,0,0,8,1538,0,1,2,3,0,612,1,0,0,2,3,3,0,1,0,0,48,6,2,5,9,0,9,1,120,5,7,0,0,0,0,0,7,31,0,0,2,0,5,0,0,4,1,31,0,0,105,23,141,8,1,8,28,0,0,0,14,3,3,173,0,2,0,0,0,0,0,0,6032,0,0,75,0,0,77,1,0,8,23,973,2,0,2,0,0,0,32,2,0,120,0,0,20,0,51,165,483,48,0,0,0,4,2,0,0,3,69,0,2,389,0,12
14,3,3,0,164,0,11,16,18,0,0,1,1,1,14,1,2,0,1,0,0,0,1,0,3,0,35,0,2,1,0,5,0,0,1,5,0,0,4,86,13,19,0,16,1,14,0,34,25,2,1,1,1,1356,1,30,3,1,86,0,0,11,0,46,2,0,4,0,1,0,2,0,0,8,19,16,0,0,0,0,0,1,14,10,0,1,0,0,1,8405,2,13,4,38,340,12,0,0,6,0,0,565,236,2,0,2,0,0,0,0,0,52,0,24,0,16,29,0,1,1,0,8,108,3,0,1,2
7,3,4,0,169,0,4,15,9,2,0,0,0,0,12,0,3,4,8,0,1,0,0,4,1,1,2,0,0,14,0,4,10,1,0,4,0,0,0,31,1,14,0,20,0,10,0,2,6,39,0,0,3,31,0,1,1,0,3,0,0,0,0,31,1,7,14,0,0,0,1,0,12,2,7,14,3,0,2,0,0,4,0,2,0,0,93,5,0,10578,3,0,2,3,237,0,1,0,0,13,1,25,287,33,0,1,0,2,0,53,0,3,0,17,30,14,14,14,0,0,3,18,10,0,1,0,2
17,3,23,8,196,0,19,0,34,0,0,0,1,7,20,1,7,0,1,1,0,0,0,35,2,2,19,18,0,13,2,6,143,1,1,6,3,0,4,1,20,28,97,19,10,15,0,2,64,2,0,0,1,222,9,10,0,0,117,0,6,5,0,64,4,181,17,0,53,1,10,0,43,3,31,16,5,0,0,2,5,1,9,1,4,3,13,11,2,8632,7,3,27,0,264,13,1,0,3,4,508,1,249,1,1,0,7,0,7,1,0,309,37,7,31,19,13,1,0,0,0,5,28,0,122,0,1
6,69,0,99,19,2,23,6,55,0,2,0,0,26,170,0,3,70,1,5,0,14,2,30,1,6,1585,0,2,18,5,121,2,0,0,111,28,315,27,115,32,116,10,0,2,1,0,108,0,1,5,23,0,2294,30,23,1,0,38,0,3,202,12,0,2,21,11,5,14,0,2,1,1,102,512,0,16,137,1,0,0,0,1,0,89,0,48,2237,5,681,2,28,50,0,597,32,0,5,1,22,0,30,21,0,35,2,5,39,4,7,0,99,188,571,35,1,26,391,1,48,3,0,6,0,39,0,3
4,0,12,15,162,0,34,0,18,1,3,1,0,4,0,1,11,9,1,2,0,6,1,671,8,0,5,0,6,785,3,0,1,0,0,130,6,1,22,0,1,0,15,14,24,14,32,4,0,3,0,0,39,8,34,1,0,0,421,1,28,0,108,1,1,0,0,0,29,17,1,5,0,0,4,16,19,11,131,6,9,1,0,1,204,29,80,2,1,7312,24,85,47,0,4,49,25,0,7,13,85,0,210,2,0,39,3,0,43,0,354,8,0,45,0,17,73,0,2,0,53,0,248,5,4,11,1
13,4,35,0,1,0,0,10,18,0,0,1,7,0,68,0,0,0,1,1,0,0,1,0,0,0,20,0,7,0,0,7,0,2,0,5,0,0,0,29,41,1,0,0,19,0,0,1,0,0,0,1,6,220,1,14,0,0,0,0,0,9,15,53,11,1,158,4,0,0,1,0,1,0,211,0,0,0,0,4,2,0,33,10344,0,0,27,0,0,4,2,4,3,0,58,1,0,20,5,0,0,16,1,0,27,0,12,0,0,13,38,5,72,4,0,0,31,209,0,0,4,0,66,1,0,3,0
12,11,262,15,0,12,50,3,108,2,4,0,47,2,58,0,1,3,1,2,1,6,9,15,4,0,237,68,0,46,3,27,537,0,0,2,4,1,8,1,112,86,133,0,5,0,0,0,41,0,4,9,24,3504,41,8,11,2,154,1,11,77,0,30,1,0,149,17,52,2,22,0,77,13,2840,0,20,1,67,25,194,0,28,0,32,0,67,4,14,11,41,1,51,14,153,0,5,109,0,0,1636,0,1,0,41,57,13,0,17,43,12,56,7,1,0,0,42,2,0,17,12,34,86,30,76,1,4
27,31,228,3,81,0,62,0,204,2,4,0,0,1,160,2,1,0,164,2,0,0,0,20,0,0,19,7,0,25,4,41,0,1,0,3,20,0,4,0,3,17,5,6,23,2,0,1,54,43,0,0,13,1,20,42,2,1,25,0,23,8,5,5,5,25,114,4,40,0,3,0,9,0,112,8,18,14,0,0,5,1,1,4729,0,0,73,0,0,3769,10,59,92,2,526,0,0,0,3,0,407,25,104,2,5,0,1,0,15,1,0,93,50,0,26,10,157,0,4,0,0,14,23,1,19,18,0
1,11,0,15,160,0,7,58,0,2,1,14,0,2,25,6,9,0,375,1,0,0,1,0,2,1,64,0,0,20,0,18,2,2,2,0,6,1,2,23,5,0,4,10,5,6,0,2,28,67,0,0,2,37,0,19,1,0,224,1,0,6,4,71,9,151,18,0,0,2,0,1,0,0,90,15,9,9,4,0,0,9,43,2,4,0,20,5,0,7921,0,14,11,0,424,2,0,4,0,0,15,0,230,109,1,0,7,1,2,7,1,316,0,0,0,11,11,0,1161,1,3,18,9,0,22,1,0
5,10,0,2,172,0,4,8,0,0,0,0,0,0,16,3,1,0,2,0,2,0,0,0,1,0,46,0,2,0,2,6,0,117,1,18,2,2,0,0,0,0,0,22,0,20,0,4,13,113,3,0,0,571,0,0,4,0,13,22,1,15,0,11,314,2,1,4,7,0,0,3,7,0,50,5,10,2,0,0,0,3,25,0,4,0,7,0,0,9627,0,1,0,1,291,0,5,0,0,0,0,0,272,5,1,0,6,0,0,4,4,72,2,2,0,15,0,3,2,3,0,6,4,0,2,0,2
9,17,0,0,93,0,14,0,36,2,0,0,2,0,21,1,8,0,1,4,235,0,0,0,1,2,24,7,0,16,0,9,0,12,3,19,1,1,0,118,0,1,62,9,68,7,0,7,0,17,4,5,2,2939,0,0,5,0,75,5,17,153,0,245,49,29,5,0,14,1,6,3,26,0,41,9,16,2,16,13,1,1,269,527,8,0,12,2,3,5418,2,0,10,2,576,8,0,4,0,0,0,0,144,5,5,5,0,0,0,10,28,258,0,1,0,11,4,0,1,1,8,2,8,0,177,2,1
8,0,1,21,193,0,3,2,0,2,0,1,21,6,0,1,8,5,2,1,0,37,2,45,6,2,1,9,0,6,2,0,12,14,5,0,1,0,2,0,367,0,34,17,17,13,1,0,1,15,0,0,0,8,1,18,0,2,167,4,1,0,15,1,37,11,1,0,6,0,28,80,0,0,2,14,12,1,10,5,0,1,0,1,24,5,1,1,1,9982,0,7,3,3,1,0,2,0,0,2,1,0,293,2,0,9,17,18,5,1,1,1,0,0,0,19,0,0,3,0,4,0,16,7,273,1,0
1,1,0,5,158,16,17,0,0,1,0,1,4,1,12,0,11,0,1,1,0,23,0,7,0,10,0,1,2,4,0,0,7,22,0,22,0,3,0,0,51,451,44,16,3,9,0,3,0,24,0,0,3,5,0,41,0,0,28,7,14,6,0,2,78,576,0,0,17,1,10,24,521,0,11,19,6,0,0,0,5,2,0,0,3,0,45,1,2,8753,257,8,1,0,33,4,8,0,2,2,1,0,232,4,2,8,0,0,0,0,44,125,57,11,0,29,0,0,3,0,0,5,34,1,14,0,4
5,11,49,9,3,4,7,1,48,5,0,26,3,1,64,2,1,0,13,8,139,6,0,8,0,3,23,0,1,7,1,10,0,358,0,1,0,1,4,0,30,12,29,0,1,0,0,5,115,45,1,0,6,1079,0,1,13,1,13,188,0,31,0,162,8233,14,0,1,1,0,1,9,1,3,120,1,1,13,1,5,11,6,8,12,0,0,2,0,0,159,8,1,9,1,270,10,0,1,0,2,0,1,3,0,8,0,0,0,0,6,0,47,0,6,0,0,3,405,5,0,3,35,6,0,25,0,2
14,10,0,4,9,1,6,0,233,0,0,0,1,0,140,0,0,0,2,4,0,3,0,4,3,3,0,0,0,11,0,0,0,3,1,0,0,7,3,18,16,0,1,1,0,0,0,2,0,18,2,7,9,1379,3,3,0,2,37,1,0,47,2,0,30,0,68,6,0,0,0,27,0,1,212,2,0,3,2,2,0,6,1,8757,0,0,8,0,0,423,0,2,2,3,4,0,0,0,0,0,0,97,10,0,21,2,19,0,0,4,108,3,61,2,0,0,4,0,2,0,0,0,0,0,107,0,1
1,0,0,0,219,2,0,12,20,0,0,1,0,0,2,0,2,0,2,0,0,1,0,5,0,0,176,0,17,2,0,1,0,0,0,0,0,0,3,4,7,0,0,23,0,16,0,4,4,2,0,19,0,131,0,0,0,1,0,1,0,5,1,0,5,0,19,0,0,0,0,1,1,3,22,19,1,5,0,0,0,3,2,1,2,0,1,8,0,10838,0,0,0,0,26,0,0,0,0,0,0,1,321,4,4,0,1,1,0,0,2,11,0,2,0,17,2,0,2,0,0,0,6,0,0,0,0
5,0,4,25,126,0,17,1,209,0,0,1,0,16,2,0,1,0,0,0,2,5,0,59,1,11,164,116,1,18,0,9,13,0,3,23,1,1,4,0,0,17,196,10,14,8,7,7,102,2,0,1,3,8,0,22,5,0,184,1,8,50,15,121,1,16,86,0,28,7,1,0,12,0,256,9,9,5,18,0,3,1,0,1,6,1,6,3,0,6580,0,12,10,25,316,4,2,0,1,5,54,90,177,0,4,0,4,0,7,0,15,2370,12,1,0,15,30,0,3,5,18,9,16,6,127,2,3
1,18,1,20,8,1,5,0,479,6,0,0,2,14,59,0,0,10,0,8,2,76,6,42,14,4,751,7,5,14,2,78,0,0,20,158,7,16,1,1,97,138,53,1,1,0,10,108,599,0,2,224,3,2668,7,30,11,0,563,0,14,63,0,1228,3,25,43,0,2,4,5,401,0,3,357,0,23,0,128,12,0,0,0,0,0,4,66,10,2,281,0,29,10,2,1511,2,1,15,4,1,0,0,11,1,78,4,0,0,1,19,7,138,0,2,30,2,0,224,0,9,11,106,272,24,451,7,11
2,54,0,0,89,0,0,3,39,0,0,1,0,0,193,1,0,0,4,0,1,0,0,0,0,0,738,0,56,0,0,80,0,1,0,76,0,95,1,1,0,7,0,8,0,9,0,29,1,2,3,8,0,1552,0,0,2,0,0,1,1,56,0,75,1,0,1448,1,0,2,0,0,8,1,1305,9,1,2,0,1,0,0,1,0,0,0,0,2,0,4265,0,0,1,2,765,27,0,11,0,0,0,137,134,1,38,0,1,0,0,0,0,66,0,27,4,10,1,515,1,22,1,3,0,5,0,0,1
6,30,0,1,108,43,8,0,171,6,0,1,6,1,81,1,0,2,1,0,564,0,0,24,1,0,1,0,0,0,1,11,1,28,0,0,0,0,1,4,34,19,1,10,0,6,0,8,31,27,3,1,0,2598,4,0,3,0,37,2,0,144,18,53,56,30,94,6,11,0,2,0,21,1,604,4,18,4,0,0,0,2,1,1,1,0,5,0,0,6136,0,8,16,1,512,0,3,3,0,0,6,0,162,4,23,1,0,0,3,1,0,112,1,0,0,5,0,0,1,0,1,13,12,0,26,1,0
1,0,0,4,202,1,0,4,3,0,0,2,0,0,0,2,0,0,13,0,2,0,0,1,0,0,2,0,0,0,0,0,1,15,0,0,0,0,0,0,0,1,0,18,0,9,0,0,0,22,0,0,1,11,0,4,0,0,0,2,0,0,0,5,51,3,1,0,25,0,0,0,0,0,4,17,0,4,0,0,0,1,2,5,1,0,8,0,0,11093,0,1,5,0,14,0,0,0,0,1,0,1,335,4,1,0,0,0,0,1,0,1,1,0,15,24,7,1,51,0,0,1,0,0,6,0,1
1,1,0,0,106,0,35,66,2,0,0,0,0,0,2,2,0,1,1,0,0,0,0,180,1,0,2,0,7,0,0,22,191,0,2,96,0,1,2,225,0,261,31,12,0,8,11,21,290,0,0,1,0,4,323,0,52,0,34,0,222,0,149,4,1,0,67,0,0,2,0,171,0,6,367,20,0,1,10,0,1,0,1,1,0,8,0,0,0,5323,0,0,0,0,969,7,0,1,0,0,0,1987,139,4,27,0,40,0,5,0,11,2,327,11,0,14,1,0,1,1,0,1,22,0,84,1,6
3,4,1,12,77,1,12,35,5,3,0,30,0,2,14,5,2,8,2878,0,0,0,1,5,0,0,9,0,0,12,10,0,3,267,1,12,1,0,4,121,10,1,0,8,1,8,0,1,0,508,1,2,0,38,6,13,0,0,43,76,0,5,0,7,2461,153,5,0,90,0,3,0,0,0,8,8,61,0,2,0,0,15,28,1,4,0,13,0,2,3839,2,6,14,3,0,0,17,0,12,15,410,0,138,17,4,0,0,2,0,9,0,61,0,4,38,9,54,0,27,0,0,0,148,2,55,5,0
5,0,0,0,194,14,3,6,1,1,0,0,0,0,1,1,0,0,2,1,11,2,0,0,1,0,8,0,0,4,1,0,0,0,1,1,0,0,2,1,1,1,0,15,4,16,0,0,7,4,0,3,0,103,2,0,0,0,12,1,1,4,0,2,1,3,1,0,9,1,2,0,2,1,2,14,3,0,0,2,0,3,0,1277,0,0,12,0,0,9793,0,0,0,1,10,1,0,0,1,4,2,1,284,9,0,0,8,0,2,0,3,1,0,0,0,14,2,77,3,0,0,0,0,0,32,1,0
3,0,1,3,193,0,42,3,33,0,3,3,2,5,1,3,2,0,35,0,1,1,5,14,0,0,1,0,0,7,2,0,0,1,0,0,3,0,3,3,10,10,1,23,0,16,4,0,0,17,0,0,10,218,1,7,0,0,6,0,2,1,0,0,1,20,12,0,160,2,1,2,29,1,52,34,12,0,0,1,5,1,0,2,0,0,58,3,1,10227,6,11,10,140,18,0,3,0,3,2,0,1,291,9,0,0,0,50,0,14,0,4,0,0,40,21,0,0,3,0,0,0,57,0,2,1,0
1,23,0,5,133,0,4,14,1,1,0,86,0,0,145,4,3,0,18,0,0,0,0,4,1,0,2,0,0,2,0,5,0,27,0,0,0,1,1,0,15,0,0,11,0,11,0,1,4,996,1,0,0,455,2,2,0,0,7,7,0,15,1,2,31,7,21,1,2,0,0,0,2,0,56,12,0,0,0,1,0,503,0,2172,0,0,3,1,2,6451,0,2,0,0,95,0,0,0,0,0,1,3,190,16,16,0,0,0,0,4,1,53,27,0,1,14,4,278,9,0,0,0,12,0,2,1,0
1,8,0,10,168,0,1,2,0,1,0,1,0,4,53,2,0,0,156,3,0,2,0,4,1,0,64,0,2,6,0,8,11,7,0,0,0,0,2,21,14,0,0,15,0,17,2,0,0,49,0,2,0,234,0,0,3,0,5,1,1,6,0,67,20,1,405,10,0,1,1,0,112,1,896,11,0,0,0,3,0,3,185,387,0,0,3,0,0,8601,0,0,2,1,49,0,0,56,0,1,3,0,224,7,21,0,0,0,9,2,0,14,0,0,1,14,0,0,2,3,2,0,7,2,1,1,0
1,0,9,6,123,1,6,2,0,5,0,0,0,0,0,2,0,0,1,5,1,18,0,1,2,2,3,0,0,0,0,0,0,1,0,0,0,16,3,1,1,0,2,9,11,15,0,19,0,0,5,0,3,3928,0,9,0,0,42,2,9,75,0,0,3,11,0,0,32,0,0,4,0,0,4,8,0,14,0,0,2,1,0,5,0,0,17,0,1,6741,0,0,123,9,5,11,0,0,1,0,1,0,170,1,1,0,0,0,0,2,0,8,359,0,0,7,17,0,5,0,3,1,17,12,70,1,7
2,0,1,42,29,0,25,0,0,2,29,0,4,46,1,0,58,33,0,11,0,16,30,687,2,75,152,4,8,198,1,5,8,0,0,60,38,167,26,164,67,0,28,2,8,1,33,32,59,0,6,2,19,1548,37,17,0,0,93,0,5,40,6,67,3,202,100,0,0,0,7,33,0,72,15,2,20,2,22,2,0,0,32,1,106,13,424,2297,1,1162,67,68,72,0,87,12,35,0,3,27,0,1039,32,1,1,11,8,6,119,33,152,21,418,267,424,7,27,160,0,0,7,0,290,1,89,7,5
1,0,5,1,1,0,9,0,0,1,0,0,0,0,11,1,0,0,1,0,0,1,0,8,0,0,0,2,1,20,1,1,2,0,0,2,0,0,0,47,0,0,2,0,0,0,0,0,1,0,0,0,6,5,0,4,0,1,25,0,0,1,0,0,1,2,1,0,1,4,0,0,0,0,1,0,7,0,13,11,0,1,24,11585,46,0,8,0,0,11,0,12,7,0,9,5,0,0,1,0,31,1,1,1,1,1,1,0,0,1,4,5,1,0,0,0,7,0,0,0,0,0,18,11,14,5,0
0,3,8,15,146,0,4,19,0,0,0,3,0,2,14,2,8,0,3,1,0,3,0,4,1,0,40,4,0,7,0,3,0,3,1,1,3,0,1,21,4,4,15,10,0,8,0,0,9,141,0,1,2,202,0,1,1,0,43,0,1,2,34,36,2,12,24,1,20,1,0,1,2,1,32,15,0,1,0,0,2,87,0,2617,1,1,16,0,1,7743,0,2,13,0,120,7,0,52,0,0,0,7,206,14,2,0,12,1,0,6,0,16,12,1,63,15,11,0,1,0,0,1,2,0,16,0,3
1,1,1,62,1,1,124,64,0,0,13,0,0,6,1,1,43,8,4867,0,0,0,4,400,11,37,4,0,21,0,0,4,1,0,6,0,1,161,26,0,0,0,1,1,0,0,22,71,0,2,1,0,2,14,0,160,0,0,356,1,89,12,117,1,17,131,0,0,76,17,1,15,0,24,352,0,1,1,29,0,0,3,1,8,0,9,292,97,0,37,150,101,29,24,249,0,0,0,5,0,0,0,3,1,2,0,40,34,0,150,0,2741,60,28,194,0,227,0,1,0,0,1,95,8,12,5,16
0,1,3,0,192,0,145,70,157,1,1,0,2,0,10,3,0,0,1,1,0,0,2,1,0,1,1,0,0,14,0,1,0,0,0,1,6,18,14,58,16,4,0,18,1,13,0,9,6,1,0,0,0,330,0,1,0,0,1,0,2,1,29,18,2,0,54,0,16,0,3,0,21,3,244,18,1,12,2,0,0,2,5,1,8,0,29,3,1,9380,5,24,16,6,29,11,2,0,6,7,0,202,253,2,1,0,33,78,1,8,55,46,6,0,70,15,38,1,2,0,0,0,99,3,17,8,1
0,50,21,6,1,0,15,0,790,0,1,11,0,5,250,2,1,0,34,0,0,2,0,158,4,1,32,0,0,3,1,1,63,163,2,1,2,0,1,0,1,0,15,0,5,0,8,9,59,0,0,5,3,3,0,30,0,0,83,98,1,0,1,67,5263,23,408,1,0,2,0,0,26,0,1,0,4,0,0,0,0,3,582,3258,0,10,42,4,0,8,0,1,1,5,1,0,9,0,1,0,1,0,1,1,113,0,1,1,12,7,0,3,1,0,78,0,57,1,3,1,10,0,11,1,40,1,1
0,11,1,59,162,105,1,1,0,5,1,2,7,3,68,0,3,1,1,2,1,5,3,184,0,0,2,0,9,34,2,7,2,1,0,8,5,1,16,0,101,11,6,14,16,12,12,6,112,1,0,1,2,342,3,19,14,0,21,1,0,23,12,11,3,295,201,0,25,0,10,1,226,7,55,16,30,20,1,2,5,2,1,0,19,6,15,15,7,8085,7,12,62,0,317,1,3,0,0,25,0,1,224,5,27,0,6,6,22,9,7,574,12,18,0,19,51,0,2,0,10,43,18,0,27,4,1
0,27,0,5,1,1,172,33,501,23,0,0,10,74,57,0,1,250,3,5,0,0,7,68,2,59,358,0,4,116,7,130,0,0,0,87,6,2,6,1,146,4,228,0,0,0,4,115,1,0,7,0,1,1463,23,51,21,0,21,0,59,21,4,653,1,56,1,3,0,0,17,21,317,36,286,0,80,0,1,3,0,0,1,1,41,0,33,22,4,8,0,40,66,124,4842,25,14,6,1,1,0,1,4,0,5,0,7,28,9,1,149,262,1,10,2,0,132,276,0,11,1,0,207,2,2,3,4
0,51,0,0,184,0,49,93,1245,0,0,2,0,0,496,0,0,0,38,0,0,0,0,0,0,8,239,0,2,0,0,0,0,0,0,0,0,162,0,0,0,0,0,21,3,11,0,55,0,18,0,25,0,4,0,0,0,0,0,0,66,0,3,1,7,0,164,28,0,3,0,49,0,5,322,21,0,0,0,0,0,6,1,2,0,0,0,0,0,7189,0,0,0,0,1,0,0,0,2,0,0,0,1312,3,17,0,0,0,0,0,3,1,0,10,0,23,0,0,2,0,0,0,49,0,0,2,3
0,12,73,0,105,14,10,0,1,6,0,0,4,0,41,1,9,0,148,2,1,27,0,36,2,5,192,2,2,12,0,30,1,10,4,31,0,2,0,0,8,8,5,9,2,11,2,2,0,52,1,54,8,14,0,12,11,0,33,3,51,22,14,219,42,9,109,0,3,0,2,19,223,2,8,7,5,5,10,6,2,1,59,0,8,1,5,2,0,6163,28,4,0,0,880,0,2,5,0,0,26,0,167,3,6,17,8,5,48,8,1,2197,0,2,12,7,2,434,1,1,5,82,1,3,41,0,2
0,0,0,0,167,0,0,0,0,0,0,1,0,0,0,3,0,0,206,0,0,0,0,1,0,0,1,0,0,0,0,1,0,3,0,0,0,0,0,4,0,0,0,16,0,19,0,0,1,29,0,4,0,576,0,0,0,0,0,0,0,1,0,0,13,0,43,0,1,0,0,0,1,0,43,21,1,0,3,1,0,1,0,2209,0,0,0,0,0,8303,0,0,1,1,43,1,0,0,0,0,0,1,243,4,0,0,0,0,0,0,0,15,0,0,0,19,0,0,1,0,0,0,1,0,0,0,0
0,487,19,0,37,1,38,0,38,7,3,3,1,0,1654,2,1,2,15,1,952,0,0,0,0,17,12,0,2,1,0,6,5,98,0,0,0,3,4,35,0,0,0,3,1,3,0,13,0,155,0,101,4,3,0,20,0,0,1,23,3,37,0,1,769,0,211,12,1,2,0,756,1237,2,1,2,0,0,0,0,0,1,133,1760,0,0,109,13,0,1898,0,2,4,4,647,19,0,3,1,3,0,115,53,3,165,0,0,0,0,27,1,2,25,5,0,1,0,112,2,1,5,0,48,11,39,3,1
0,31,17,2,30,0,12,24,234,0,0,30,0,0,160,8,149,0,27,1,66,2,1,22,1,0,42,6,1,16,1,26,46,351,0,6,0,2,11,114,0,3,11,1,0,3,2,2,34,328,1,4,24,1221,0,4,2,0,56,188,2,39,0,11,4944,10,501,5,0,3,0,3,12,6,310,0,10,0,0,0,0,23,97,1,8,0,3,8,0,1518,1,0,1,21,601,7,3,1,1,3,26,0,44,49,41,0,8,8,0,0,1,83,0,9,0,6,80,73,2,3,0,1,73,0,18,1,1
0,0,0,0,206,0,2,0,16,0,0,2,0,2,4,4,1,0,2,0,0,0,0,0,0,0,1,0,0,0,4,0,0,1,0,0,2,0,0,1,0,1,0,19,0,20,0,0,2,2,0,24,0,7,0,5,0,0,1,0,0,0,1,1,1,0,66,0,14,2,0,0,0,1,9,22,19,0,1,0,0,1,16,2,1,0,4,2,0,11086,0,15,1,15,17,0,0,0,0,4,1,0,298,6,0,0,0,0,0,0,0,0,27,3,0,22,17,0,2,0,0,0,0,0,0,0,0
0,10,1,11,1,0,11,10,0,2,0,7,1,3,45,3,8,0,135,0,1,0,0,0,4,2,4,0,0,7,3,17,0,1,6,0,0,0,2,26,1,0,1,0,0,0,0,0,1,0,3,0,15,1990,0,22,0,0,108,1,0,22,8,0,4,0,5,3,1,0,0,27,74,6,94,0,10,0,0,0,0,1,122,8763,0,0,8,0,0,8,0,1,3,0,108,2,0,2,0,3,0,1,1,3,1,0,40,0,0,11,0,74,0,1,0,0,57,1,24,0,1,0,15,0,46,0,0
0,1,1,19,132,0,8,0,0,2,3,1,0,0,4,0,0,5,3,0,1,0,1,39,0,5,2,0,1,23,0,0,0,1,0,35,1,50,14,0,1,0,0,9,0,8,1,250,0,6,0,121,1,19,3,19,6,0,7,1,10,34,0,56,3,1,276,0,1,2,0,1,1,15,139,11,5,0,0,0,0,2,0,3,0,0,123,408,0,6403,0,10,8,12,2,70,0,0,0,1,0,1,182,4,4,0,4,5,0,93,1,2875,134,221,0,16,33,0,1,1,1,0,10,0,10,0,11
0,9,0,0,171,0,7,1,0,0,0,1,3,0,14,0,0,0,0,0,0,0,0,11,0,2,760,0,7,0,0,0,0,0,0,15,0,0,0,0,15,13,0,17,0,23,1,3,58,0,0,0,4,358,0,2,0,0,8,0,0,24,0,7,2,0,0,0,0,0,0,2,7,14,75,33,2,2,0,0,2,3,0,479,0,0,0,11,0,9239,0,2,0,0,3,0,0,0,0,0,0,0,260,5,0,0,4,0,9,0,122,6,1,5,20,20,2,136,2,5,0,1,0,0,0,0,0
0,4,0,0,110,0,25,0,206,0,0,1,0,1,4,3,32,0,1,0,1,1,2,1,0,13,78,148,1,26,0,10,0,22,0,16,0,4,0,157,1,41,0,16,48,8,0,7,460,33,1,70,69,1063,0,0,10,0,2,3,0,29,30,152,93,0,0,0,0,5,8,1,0,1,74,8,0,0,1,9,0,0,0,22,2,0,3,0,0,6053,25,0,0,0,226,8,0,1,1,0,275,1772,157,4,2,2,4,0,0,0,6,41,90,2,71,15,13,0,2,2,0,70,22,0,0,1,2
0,0,0,0,62,55,0,5,0,0,0,0,0,0,1,0,0,0,0,0,0,0,0,0,0,0,6,0,73,384,0,0,0,0,0,0,0,0,0,1,0,0,0,8,0,1,0,0,1,0,0,0,0,4,6,0,0,0,0,1,0,0,0,0,2,0,2,0,0,0,0,0,2,0,8027,3,1,0,0,0,0,0,1,0,0,0,0,0,0,3120,0,0,0,28,1,0,0,0,0,0,0,0,107,4,13,0,0,0,0,0,0,2,0,0,0,2,0,1,0,0,0,0,86,1,0,0,0
0,35,15,32,5,1,18,32,0,7,0,1,21,6,245,1,8,1,0,8,1,65,7,78,2,0,41,27,0,44,1,26,34,1,0,0,15,0,6,0,270,1,242,0,4,1,10,2,0,2,1,0,15,129,7,5,28,0,186,1,52,110,1,0,7,17,1,9,0,7,14,7,14,0,424,0,9,0,7,4,0,0,302,4643,0,2,10,61,7,114,0,9,88,37,664,0,10,2,1,3,0,3,3,0,581,0,0,1,3,0,0,2612,220,5,1,0,0,0,0,5,25,98,83,10,1,12,19
0,31,131,232,3,0,145,5,70,17,5,0,260,86,151,0,27,5,0,10,1,26,37,20,0,0,358,7,2,68,12,44,0,0,14,3,5,9,13,0,3681,3,2,0,19,0,1,6,0,0,2,10,64,315,201,13,5,0,3,0,11,20,0,100,2,258,43,7,415,59,142,2,2,3,294,0,155,2,101,76,0,0,37,0,0,3,71,299,80,66,0,23,153,42,556,0,12,2,7,0,1,2,4,0,13,0,0,62,0,6,1,17,48,9,1,1,14,556,0,4,185,12,194,105,1603,9,1
0,0,0,27,0,22,9,0,104,28,1,1,76,124,1,0,0,0,1,3,0,860,6,96,6,4,1,0,16,3,3,7,0,0,0,41,0,14,52,0,923,0,0,0,417,0,2,0,341,0,4,2,44,3629,40,0,10,0,310,0,1,92,28,0,0,32,215,0,0,25,79,1,0,11,1168,0,18,4,0,58,34,0,1,1,0,4,12,80,17,4,0,4,34,1,307,1,0,0,4,7,0,0,1,0,51,4,0,0,2,6,12,1314,619,4,61,0,357,0,0,0,4,18,70,0,7,0,1
0,0,0,1,0,0,7,0,0,4,0,8,0,0,1,1,0,0,10771,4,0,0,0,4,0,0,0,0,0,1,17,0,1,27,0,0,0,5,2,0,5,0,0,0,0,0,0,3,0,1,0,0,3,4,0,0,0,0,2,24,0,0,4,0,909,38,0,0,0,0,1,0,0,0,2,0,49,1,0,0,1,7,0,8,0,0,6,2,0,35,0,0,7,2,0,0,0,0,1,1,0,0,1,1,0,0,0,0,0,0,0,1,0,0,0,0,28,0,0,0,0,0,1,0,4,1,0
0,137,51,32,0,0,62,0,576,0,2,0,4,19,590,0,66,0,1,19,1,5,9,21,32,0,936,0,3,0,13,111,0,0,6,273,2,18,3,308,66,31,0,0,37,0,13,19,131,0,8,9,39,2171,13,66,0,0,999,1,0,151,26,1,2,482,1201,8,28,7,31,0,147,28,307,0,69,1,11,2,18,0,0,4,0,6,22,30,2,19,0,0,27,8,1073,4,25,6,4,12,0,2,1,0,370,8,19,5,3,9,56,605,1,14,43,0,16,0,0,24,0,0,144,0,14,3,9
0,35,0,0,73,172,2,4,1,0,0,3,0,0,225,0,0,0,4,0,0,0,0,0,0,0,312,0,6,0,0,37,1,2,0,23,0,105,0,0,0,0,0,8,0,2,0,0,0,67,6,0,0,4286,0,14,0,0,1,0,0,119,0,1,2,0,3,17,16,0,0,0,23,14,748,4,0,4,0,9,0,20,0,2,0,0,77,0,0,3318,0,2,1,16,508,0,6,1,0,0,2,0,98,3,44,0,0,0,0,29,340,154,27,0,0,6,0,994,3,10,0,0,0,0,0,0,0
0,3,1,0,201,2,21,3,31,5,0,1,0,5,13,1,0,0,2,1,0,1,0,1,0,0,37,0,2,10,1,0,0,1,0,0,0,0,13,117,0,1,0,16,0,22,0,0,0,1,0,2,4,3,0,4,0,0,7,0,0,8,1,2,5,10,1,0,3,0,0,0,0,1,2,22,10,0,0,0,0,2,2,0,0,0,2,12,0,11026,0,9,0,1,1,0,2,0,0,2,0,0,280,2,7,0,1,3,0,1,0,33,0,0,0,24,0,2,1,1,0,0,1,0,0,0,0
0,18,0,0,185,0,1,0,53,0,0,2,0,0,41,4,0,3,1,0,669,0,0,0,0,1,44,0,15,0,0,1,0,1,0,22,0,7,0,0,0,12,0,17,0,9,0,33,134,23,0,1,0,454,0,0,20,0,1,0,0,78,0,348,3,0,9,0,6,0,0,0,32,1,12,17,0,0,0,0,0,24,1,2,0,0,1,18,0,9233,0,1,0,0,9,7,0,0,1,0,0,0,259,4,66,0,0,33,0,0,4,5,1,8,0,18,0,1,3,1,0,28,0,0,3,0,0
0,1,0,29,61,0,5,2,1,0,0,13,0,0,0,1,0,0,2817,0,0,0,0,0,0,0,0,0,5,66,0,6,0,10,0,3,0,9,0,0,0,0,0,5,0,5,0,5,0,224,13,1,0,5413,1,0,0,0,0,8,0,1,0,0,97,0,0,0,1,2,0,0,0,0,1,6,0,2,0,0,0,11,0,190,0,0,12,6,0,2762,0,0,1,2,3,0,0,0,0,0,0,1,90,73,0,0,1,1,0,7,0,12,1,15,1,5,0,0,2,0,1,0,0,0,0,0,0
0,0,0,0,69,7505,0,114,0,0,0,0,0,0,0,1,0,0,2,0,0,0,0,0,0,0,1,0,0,0,0,0,0,0,0,0,0,0,0,0,0,0,0,5,0,7,0,0,0,1,0,0,0,1,0,0,0,0,0,0,0,0,0,0,1,0,1,0,0,0,0,0,0,3,1,14,0,0,0,0,0,1,0,1,0,0,0,0,0,4135,0,0,0,7,2,0,0,0,0,0,0,0,120,0,0,0,0,0,0,0,0,1,0,0,0,14,0,0,1,0,0,0,0,0,0,0,0
0,0,0,0,212,10,17,0,1,0,0,1,0,1,0,1,5,0,1,0,0,0,1,151,1,0,0,0,1,0,0,0,0,1,0,0,0,6,0,0,3,48,0,17,21,15,14,0,0,1,0,0,1,1,17,0,1,0,43,0,0,0,13,0,1,0,0,0,1,0,4,21,0,3,1,25,0,1,0,0,0,1,0,0,0,4,0,4,0,10795,1,0,26,2,1,0,0,0,3,4,0,2,284,3,0,6,42,0,0,0,0,1,0,5,0,17,110,0,1,0,0,0,34,0,0,3,0
0,0,0,0,270,0,0,113,0,0,2,0,0,0,0,1,0,0,1,0,0,0,0,0,0,0,1,0,0,1,2,0,0,30,0,0,0,0,0,0,2,0,0,19,1,29,0,0,1,33,0,0,0,1,0,0,0,0,0,5,0,0,0,0,110,1,1,0,8,0,0,0,0,0,1,17,8,3,0,0,0,1,0,1,0,0,4,0,0,7995,0,9,0,7,1,0,0,1,0,0,0,1,3286,4,0,1,0,0,0,2,0,1,0,0,2,25,6,1,3,0,1,0,1,0,1,0,0
0,0,0,0,45,4,1,14,0,0,0,8102,0,0,0,0,0,0,4,0,0,0,0,0,0,0,0,0,0,0,1,0,0,12,0,0,0,0,0,0,0,0,0,3,0,3,0,0,0,647,0,1,0,3,0,2,0,0,0,2,0,0,0,0,44,0,0,0,19,0,0,0,0,0,0,2,4,0,0,0,0,496,1,0,0,0,2,0,0,2464,0,0,3,9,0,0,0,0,0,0,0,0,64,13,0,0,0,0,0,4,0,1,0,0,3,6,0,0,20,0,0,0,2,0,0,0,0
0,0,0,9,198,4,0,27,1,0,0,3,1,0,1,4,4,0,5,0,0,1,0,0,0,0,2,0,0,1,1,0,0,145,0,0,1,0,2,0,0,0,0,25,1,11,0,0,0,188,0,0,0,4,0,2,0,0,0,32,1,0,0,0,447,0,1,0,17,0,0,1,1,0,5,17,7,0,0,0,0,7,1,2,1,0,0,0,0,10489,0,1,0,10,1,0,0,0,0,1,0,0,302,8,0,0,0,0,0,0,0,0,0,0,0,19,0,0,4,0,0,0,0,0,0,0,0
