311,6,1,20,117,5,81,3,1689,7,2,102,0,0,40,4,3,0,0,21,0,0,1,43,59,0,28,0,1,2,6,36,105,0,0,0,0,0,0,0,1,6,14,14,0,13,0,20,0,82,1,0,19,711,6,25,6,5,0,0,0,19,5,301,1,184,92,9,32,2,0,0,68,0,62,18,51,13,0,0,97,26,9,3,0,6,26,0,0,6169,33,3,82,35,23,0,0,0,5,8,36,497,20,27,5,0,0,7,49,17,1,80,3,0,0,22,27,3214,0,5,0,0,56,0,16,4,1
0,0,0,43,104,2,166,90,0,0,9,0,0,8,0,0,0,0,162,0,0,59,0,157,0,21,36,0,0,51,5,2,181,0,0,0,2,2,11,0,30,30,55,14,13,2,40,17,17,0,1,4,1,382,0,13,2,0,2,0,65,7,0,75,7,76,0,0,55,0,9,38,34,0,62,25,42,0,0,0,0,0,6,1,81,3,104,2,0,3463,34,3,2,8,30,1,0,3,0,3,0,0,806,2,40,0,0,0,0,38,0,120,0,1,38,27,151,0,52,1,0,34,3,0,21,0,2
103,0,0,28,5,1,150,41,101,0,1,10,3,7,0,1,20,0,7,6,0,86,20,16,43,19,33,0,1,42,7,30,1059,0,0,18,0,3,1,820,51,9,4,3,19,0,0,59,27,13,4,10,32,2825,0,24,0,2,13,0,19,17,0,15,1,378,32,0,57,1,51,0,128,5,63,0,76,1,0,0,6,5,0,0,0,0,26,1,8,132,17,25,317,0,524,11,14,0,16,0,0,233,14,9,9,0,0,5,6,8,1,84,306,1,9,1,462,4,17,0,13,0,189,0,6,15,25
0,45,291,0,176,0,33,15,40,0,0,8,0,0,458,3,0,0,86,27,0,9,0,11,0,1,241,17,0,0,1,0,0,8,0,0,2,0,15,53,0,0,0,28,8,10,3,3,0,911,0,0,0,389,3,0,1,0,103,8,11,77,0,256,12,6,9,1,22,0,0,3,25,0,29,37,7,52,0,0,30,17,1,1,0,4,37,0,0,9331,0,0,0,0,84,0,0,3,0,0,0,0,14,11,11,1,0,0,4,3,0,75,109,0,6,24,0,6,3,8,6,6,0,0,17,0,0
0,214,291,47,11,1,952,702,0,0,9,0,18,4,1554,1,205,28,0,0,119,0,0,1,5,8,14,0,2,21,21,6,1,0,6,96,4,55,56,2,26,17,0,7,0,4,3,67,315,0,5,0,19,1719,139,21,0,0,687,0,0,72,13,62,1,0,98,13,23,3,3,45,30,14,19,0,62,0,19,0,0,0,6,11,23,0,122,40,2,541,0,43,21,59,2711,26,4,41,0,16,0,0,1,0,500,17,582,0,0,96,47,73,24,24,0,3,9,86,0,1,50,5,81,19,155,9,17
17,2,5,0,10,102,1,0,113,0,0,0,2,0,20,4,1,0,81,18,0,0,0,0,7,0,63,0,8,24,2,59,1,0,1,53,0,1,0,24,9,0,1,0,1,3,0,25,0,29,0,0,4,181,0,5,0,1,43,0,0,0,0,0,2,14,130,0,2,0,0,0,0,3,226,0,34,0,1,0,0,3,2,4,0,0,15,1,0,305,0,16,1,4,53,0,1,7,1,0,5,3,8,16,6,0,15,0,0,0,37,12,1,7,0,0,0,0,4,0,2,8,120,0,5,8,0
162,25,42,4,107,0,3,25,240,0,4,0,1,0,202,2,0,0,4,6,0,0,5,0,0,2,87,22,3,18,8,23,1,0,0,0,3,1,2,23,34,1,0,13,0,12,4,4,0,25,2,3,0,85,9,15,0,15,0,0,1,11,0,48,1,0,39,4,8,10,2,9,0,0,181,12,77,0,29,0,0,1,10,1,0,0,69,0,1,4514,0,5,59,1,744,0,4,0,3,0,0,4,135,3,80,12,3,20,0,26,21,74,10,0,0,19,201,0,0,10,55,0,15,164,5,1,0
19,7,673,39,14,0,31,36,16,71,17,1,15,13,44,19,0,4,2,59,0,29,7,704,11,32,13,6,0,28,11,113,0,0,9,18,23,0,11,0,280,0,55,3,62,2,2,9,101,0,0,0,12,386,79,14,11,0,157,0,1,66,241,6,0,21,77,11,99,37,48,4,18,8,171,2,142,98,0,0,154,0,0,44,37,46,233,58,10,314,0,36,83,56,71,0,34,1,20,42,474,252,14,0,148,21,151,6,44,5,8,7314,171,17,67,0,105,4,0,1,117,4,201,15,696,27,0
0,0,12,0,599,1,64,416,8,3,0,4,0,0,5,2,5,0,1,0,18,0,0,0,0,0,0,0,4,39,0,1,0,45,0,8,0,3,4,5,1,45,0,53,0,29,0,1,0,38,0,0,10,6,73,1,0,0,33,23,0,0,0,0,346,5,2,0,7,0,0,0,0,3,7,42,7,0,0,0,1,7,1,27889,0,0,2,0,0,26624,0,3,47,31,3,8,1,15,5,0,1,0,806,19,0,21,111,0,0,0,2,63,0,1,0,50,39,86,1,0,10,1,62,3,0,6,1
47,16,0,34,9,1595,14,4,510,28,8,12,6,32,35,0,0,17,1,4,566,23,2,0,1,0,1029,5,6,6,4,16,2,61,38,0,25,52,6,4,18,0,0,3,14,2,0,41,52,9,2,14,29,161,0,84,1,3,576,23,7,286,26,0,702,24,7,0,53,11,28,1,13,84,1,3,32,31,9,2,5,0,0,2,0,1,144,5,5,222,11,5,82,0,108,5,0,8,0,11,0,0,248,8,82,0,6,0,0,76,1,8,0,39,0,3,55,2178,1,103,4,0,5,3,548,0,6
218,4,0,0,0,5,12,31,31,6,0,0,18,6,12,1,224,0,649,0,67,4,1,60,4,16,4,45,2,57,0,7,182,6,1,9,3,1,0,0,489,4,111,0,16,0,0,12,294,2,2,229,0,481,3,2,3,16,4,4,76,1,0,97,16,0,22,0,20,0,8,56,0,0,708,0,0,0,38,1,1,0,106,4,7,5,5,4,6,12,0,17,38,0,88,0,1,0,0,0,77,6,0,5,12,4,0,1,0,1,70,49,0,7,88,0,0,0,0,0,17,15,45,3,106,1,1
168,23,0,88,6,8,15,0,189,0,0,74,1,6,40,1,0,0,156,2,1,19,4,1,5,0,84,0,2,14,6,3,0,0,5,60,0,57,10,22,98,6,0,4,25,5,0,199,0,4,3,0,26,150,0,209,0,6,56,0,0,9,15,0,0,71,0,0,31,17,8,0,0,17,52,1,46,58,37,0,0,10,396,105,0,0,2,6,8,203,0,83,19,14,289,5,16,40,5,26,0,0,7,0,6,0,3,3,7,18,0,659,0,13,152,3,93,3,2,10,0,14,64,4,850,5,1
14,12,7,28,30,14,8,0,7,25,4,62,13,8,62,1,0,0,0,1,0,10,2,540,1,0,104,17,1,27,0,7,3,105,0,69,14,1,2,279,161,24,21,13,13,7,8,0,115,1518,1,110,3,1300,0,27,0,0,115,84,0,41,0,34,563,138,195,8,1,5,21,0,0,0,8244,0,3,24,29,0,16,91,28,1,23,41,25,3,10,1175,20,2,9,0,49,21,1,1,0,0,1,0,62,15,17,1,2,0,6,24,15,3865,0,2,8,16,29,2,0,10,63,18,234,5,1,4,7
0,12,0,88,22,28,22,0,33,109,15,13,3,7,37,1,347,0,3,30,0,6,9,18,0,0,1944,0,21,69,2,0,0,4,7,8,11,159,29,141,32,4,17,9,13,2,14,74,0,47,2,0,9,237,28,185,2,0,33,1,1,76,4,34,12,131,18,0,40,4,18,4,91,37,39,2,25,643,0,0,0,4,0,1,3,0,416,557,1,269,7,5,14,9,10,6,0,2,1,0,0,24,548,0,31,0,0,34,0,341,0,517,59,251,0,11,87,1,5,5,0,0,44,0,176,0,4
77,0,8,239,83,17,8,0,1,2,0,2,41,15,6,0,26,4,0,3,0,2,2,2,2,0,0,1,8,186,48,31,0,3,31,251,2,7,14,0,121,515,27,7,0,6,2,1,0,18,2,6,37,539,56,154,41,3,713,0,0,0,170,358,4,485,11,3,148,4,8,0,0,6,595,13,589,192,0,56,1,3,983,9,46,0,18,0,11,1321,11,32,188,518,98,0,2,18,8,20,174,7,191,3,42,4,17,75,0,23,80,27,1,1,449,13,250,0,0,0,0,136,404,15,1270,41,0
24,57,20,0,170,3,0,11,13,0,0,0,0,0,911,1,2,0,0,0,4,0,0,0,5,0,7,0,0,0,6,0,0,25,0,0,0,1,0,0,0,1,0,26,0,11,0,8,0,11,0,8,1,214,4,19,9,1,14,4,31,64,2,2096,19,1,192,21,14,0,0,20,76,0,14,7,49,5,0,0,0,1,5,1,0,0,23,0,0,5771,0,7,6,3,179,0,0,0,0,0,2,3,62,1,95,0,21,0,0,12,26,457,1099,5,0,15,10,0,7,1,8,223,47,9,0,1,0
12,0,25,7,133,114,95,103,0,0,0,0,1,0,1,0,0,4,32,8,0,0,13,0,11,0,53,0,0,46,10,54,0,6,13,1,0,0,0,0,24,55,0,19,0,24,0,18,1,53,0,0,0,149,0,11,0,0,340,2,0,10,0,0,6,0,1,0,2,6,4,0,3,0,76,20,50,0,8,0,0,1,1,1,5,0,15,0,1,4660,0,19,16,4,197,1,2,2,2,3,0,7,44,6,0,0,12,16,0,4,0,2,89,10,0,29,566,3,29,0,0,38,70,1,59,2,4
68,13,0,10,163,11,11,0,171,9,3,11,4,0,50,3,0,133,1,0,1,1,14,0,6,0,1,0,1,0,6,0,0,0,0,47,0,5,1,0,50,0,0,18,0,22,0,126,469,7,0,66,0,98,4,28,1,2,87,0,0,43,0,504,1,18,3630,1,89,0,9,0,6,0,58,18,59,0,0,0,0,20,17,3,0,0,50,1,12,2529,0,11,282,39,31,0,4,1,10,1,0,0,9827,2,4,0,4,15,0,1,4,662,7,3,8,26,322,0,0,0,0,0,405,0,2,24,17
9,133,0,32,29,145,100,3,5,59,3,0,0,24,535,10,0,0,0,10,0,12,2,652,4,0,5,0,0,170,5,5,9,0,0,4,20,71,1,221,2,1,112,7,21,3,55,78,8,0,17,2,25,12124,2,5,3,0,0,0,12,54,26,0,4,136,84,12,57,0,2,4,77,14,85,4,35,1,5,0,97,0,119,2,33,12,25,169,0,963,0,8,65,0,215,17,6,0,4,0,187,118,1,3,100,0,1,0,7,5,13,241,1,56,161,3,118,0,1,1,11,4,43,0,8,2,11
219,4,0,50,9,3,170,132,46,5,14,4,6,9,15,5,13,121,3,0,0,0,60,71,33,22,3636,70,0,201,24,6,137,0,18,3,38,9,32,30,18,12,83,1,0,0,7,10,0,0,0,0,460,270,8,35,0,12,1750,1,74,20,0,26,20,162,64,0,0,41,8,0,9,37,10,0,305,0,21,0,13,0,0,0,53,6,368,172,4,131,31,41,293,332,450,21,19,0,31,9,0,4,52,0,4,14,38,457,60,83,470,189,7,76,0,3,675,0,1,10,0,15,345,6,136,31,0
64,18,3,2,89,0,49,0,42,0,8,0,0,0,66,0,203,0,118,8,31,25,0,7,4,15,1,0,3,0,0,44,167,17,4,0,3,11,1,1267,5,226,28,33,12,9,0,1,256,16,0,0,0,71,21,29,6,3,103,6,14,91,32,100,42,7,23,8,4,3,4,19,38,63,67,24,0,38,0,0,20,2,3,1,0,3,45,9,2,7082,79,0,0,0,369,0,0,4,0,0,6,1,37,0,351,0,0,0,0,49,0,475,1,2,49,34,0,12,0,6,1,0,0,18,68,0,3
64,7,0,74,3,135,36,25,0,10,6,4,0,20,8,0,0,2,3983,5,0,51,0,415,0,11,117,10,7,327,0,62,0,0,1,27,20,0,20,35,9,6,8,0,1,0,20,1,0,21,6,1,2,3033,17,24,24,6,33,0,2,17,9,228,1,27,87,0,15,0,5,44,31,3,181,0,4,12,9,11,0,4,2,63,76,21,49,0,1,80,0,46,0,0,1898,4,10,0,0,0,4,62,10,1,29,1,5,0,42,0,381,45,64,0,0,0,0,0,6,5,1,0,19,19,190,0,1
0,66,0,13,12,1,6,0,0,41,0,26,0,0,158,1,161,75,27,0,30,0,0,0,40,0,8,24,1,103,1,18,0,2,0,3,0,3,0,0,1,9,27,0,0,0,0,1,100,17,0,43,3,50,0,26,0,0,35,5,0,6,0,272,6,0,54,1,15,0,0,516,0,19,10,0,30,52,15,0,0,5,0,778,86,0,33,7,0,249,0,18,294,229,111,19,0,1,7,6,0,3,11,7,6,0,0,26,1,5,13,38,0,56,0,0,13,6,0,0,0,0,10,0,139,3,1
71,12,0,0,77,0,0,2,1668,8,0,0,5,2,45,0,0,0,1,2,0,0,0,0,17,1,18,0,1,0,0,4,20,18,15,2,0,21,0,0,124,0,0,16,12,19,0,12,122,10,1,20,15,1621,9,0,1,6,169,3,0,50,0,0,10,278,200,14,0,0,2,0,996,1,6,16,1,0,0,0,0,0,0,775,0,10,0,15,0,2980,0,0,6,0,17,0,0,82,4,0,0,1,84,4,21,0,8,0,0,0,0,4,45,5,0,15,0,3256,7,7,8,0,20,3,262,1,11
1,128,0,15,29,0,26,308,1987,0,3,0,9,5,304,1,48,0,3,0,90,5,1,0,7,2,1043,4,1,85,5,27,1,0,12,0,0,9,10,0,48,0,0,2,0,2,0,0,10,2,0,0,67,1,89,21,6,0,692,0,1,62,10,0,6,0,44,3,0,2,5,28,0,0,104,0,48,0,0,3,0,1,0,3,0,0,54,0,1,490,0,9,98,9,73,3,9,0,1,7,32,0,772,0,519,28,24,0,0,5,255,277,0,1,0,0,91,22,1,41,6,0,22,0,77,2,0
13,18,4,168,0,0,269,27,0,10,3,0,4,13,47,0,13,0,3904,20,0,57,0,17,15,0,689,32,1,14,14,15,1231,0,28,1,52,49,36,1380,66,227,166,0,25,0,0,73,0,0,3,0,2,2561,21,60,4,0,155,1,12,203,40,1,13,294,4,0,31,11,3,0,60,28,125,0,41,38,8,0,2,0,2,2,201,3,75,86,0,1,206,15,12,0,1686,45,10,1,0,4,0,55,3,0,217,14,230,10,31,5,5,3798,1,153,10,0,302,7,0,9,2,15,11,18,1119,0,3
124,72,21,7,224,0,111,0,33,37,8,0,0,0,452,0,21,4,1,27,6,70,3,108,27,1,23,20,0,0,0,21,108,0,6,0,59,1,37,2,12,0,64,30,76,10,0,0,50,1,0,13,2,82,298,0,21,10,60,0,1,92,11,24,1,30,1,48,3,0,16,9,0,4,10,28,4,0,3,0,57,0,1,0,0,15,161,46,6,9051,14,0,26,0,726,20,0,1,0,0,0,5,235,19,74,0,67,0,74,7,0,531,0,11,0,29,33,1,5,0,4,0,0,7,175,0,10
0,100,0,11,145,0,61,2,175,6,5,2,14,1,395,0,0,4,1,0,5,0,11,50,6,0,4,0,4,288,0,73,0,0,1,11,2,12,10,2,16,2,0,18,0,9,8,13,7,25,0,4,14,4,0,35,8,0,101,0,0,1,3,116,1,72,27,0,22,0,2,6,0,4,106,12,19,5,13,0,1,2,8,29,24,0,255,6,1,3872,0,21,39,27,360,0,11,0,12,0,49,15,1085,2,0,0,11,68,0,19,0,776,0,12,55,16,211,15,1,0,0,42,211,0,25,7,0
11,0,0,23,28,20,33,168,2801,10,0,3,0,0,15,15,2,15,3,0,3,8,14,0,11,4,99,0,9,0,8,0,78,86,9,0,0,1,21,0,6,0,0,5,14,2,0,3,0,39,4,107,14,73,22,59,1,1,469,24,107,41,0,22,259,1,1,5,43,8,35,0,1,3,171,9,76,0,2,35,0,2,6,1,0,0,19,2,12,703,0,9,50,5,28,4,10,0,4,21,0,18,102,8,8,64,7,4,1,9,1,351,3,0,0,0,197,0,1,0,0,0,42,8,147,1,0
205,21,1,4,48,1871,15,0,44,21,0,29,0,0,135,0,83,0,0,0,0,0,0,8,31,0,4,8,0,101,0,5,248,1,12,0,0,0,0,158,2,0,99,9,3,21,6,21,0,16,0,1,1,172,3,10,17,8,1942,0,79,0,20,0,4,0,39,9,2,0,0,34,136,0,38,18,32,0,7,14,2,14,71,1018,19,3,25,0,0,668,0,6,0,467,17,0,0,3,0,8,0,21,146,22,20,1,5,0,0,0,140,43,0,0,1,18,8,0,1,0,0,19,6,1,80,1,14
103,3,0,4,229,0,33,118,0,62,0,9,0,0,6,1,0,0,26,0,0,4,0,0,13,0,808,0,0,3,8,27,0,0,0,0,4,4,0,0,0,0,0,16,21,36,0,1,0,113,0,7,5,208,0,0,10,10,0,0,0,51,0,2,0,0,5,0,65,0,0,0,0,0,199,38,92,3,0,0,0,14,39,3079,0,0,5,0,0,9629,0,0,83,11,16,0,0,5,6,0,31,5,248,19,2,0,0,5,0,0,235,406,2,5,18,22,493,0,0,1,0,6,4,0,0,4,0
97,0,0,0,134,0,12,28,3,0,0,0,0,0,1,15,38,1,2,0,0,0,4,0,1,0,7,0,0,33,3,39,61,29,0,7,0,0,4,1,6,31,39,10,0,11,0,0,0,8,3,24,2,285,101,1,0,1,2,3,0,8,0,57,17,29,56,0,0,0,0,0,0,0,87,16,14,0,6,0,27,3,2,0,0,0,22,1,0,5909,21,5,11,7,153,0,4,0,5,0,39,7,11,14,0,0,6,48,33,0,7,37,16,0,143,20,35,0,4,0,0,33,35,0,0,0,0
119,3,18,2,23,70,1,0,0,76,0,61,62,8,9,0,12,0,32,8,0,332,0,0,20,4,29,100,14,0,0,11,0,0,45,0,0,0,2,17,2069,0,53,4,453,0,0,34,136,57,0,3,0,30,0,0,3,14,47,0,2,32,0,158,1,0,566,2,0,18,82,4,3,0,141,0,0,1,1,28,0,28,98,18,0,0,0,0,25,375,0,0,0,0,500,0,0,0,0,0,2745,1,216,1,7,361,0,0,0,9,0,8487,2,0,6,4,0,0,1,0,17,44,2,29,2387,0,16
143,0,106,36,6,4,25,39,254,0,1,4,0,6,18,1,0,0,1,22,0,60,21,5,21,19,91,0,5,0,3,31,0,0,7,32,3,59,10,0,16,13,0,0,306,0,1,1,11,3,5,0,0,3072,9,10,0,5,124,0,0,13,4,1,0,3,0,8,194,38,49,0,0,6,2726,0,16,15,2,5,0,5,0,835,5,0,41,129,7,84,75,2,21,12,173,0,0,0,4,128,0,96,12,3,1,0,0,11,6,32,0,40,16,53,0,5,30,916,3,5,1,11,199,4,210,12,0
0,9,0,201,185,9,13,0,22,12,4,2,14,51,13,2,10,0,2,0,0,0,0,0,24,0,32,0,1,25,5,5,16,0,0,418,0,1,2,0,132,551,37,21,0,7,0,27,64,7,8,0,1,3528,21,172,59,0,7,0,0,83,6,1577,1,28,187,3,0,0,0,6,62,6,4835,14,22,39,9,0,0,7,103,1,0,2,63,1,1,5361,0,10,19,91,214,0,3,1,0,9,2,0,27,3,42,0,0,0,0,42,4,81,0,11,0,14,5,17,22,5,0,37,83,0,51,3,2
256,324,0,107,69,121,35,8,909,190,3,1,0,14,705,2,0,4,0,4,7,51,4,33,9,1,11,1,44,49,4,32,133,167,24,199,8,125,33,0,0,1,19,14,35,15,0,10,0,9,8,3,29,798,0,30,0,11,62,23,21,23,0,4,155,153,341,0,50,1,1,123,3,40,66,9,23,41,7,0,18,1,24,2,0,0,128,89,0,647,3,14,28,57,69,10,0,0,11,3,195,7,1379,3,29,2,0,30,96,5,218,91,0,10,0,11,73,0,0,1,0,58,409,0,916,7,3
36,89,0,11,0,16,33,0,0,0,2,0,53,2,324,0,3,0,18,0,0,24,11,229,22,13,81,0,5,16,0,279,16,21,1,61,26,10,18,183,171,58,3,0,0,0,4,0,110,18,4,19,18,6136,125,0,107,3,325,14,2,162,17,65,181,8,1027,3,0,0,7,19,0,10,455,0,0,0,13,0,0,1,3,16,15,13,30,13,6,8,8,0,22,0,1630,44,0,1,1,0,0,10,0,33,101,58,9,11,140,6,60,706,23,17,0,0,2,1,1,4,33,21,34,0,97,2,8
3,21,1,24,157,0,55,0,0,4,4,0,0,8,22,0,0,34,0,0,0,2,0,99,2,86,0,400,2,2,0,8,268,135,0,39,6,0,8,4,1,101,306,14,5,14,8,0,36,185,1,1,0,93,0,12,4,0,59,5,0,3,0,148,54,169,64,0,21,0,6,1,6,11,252,3,0,40,7,7,157,2,0,0,0,10,50,14,0,4705,65,1,0,0,2146,0,0,0,0,0,178,1388,354,15,24,6,0,0,549,6,29,51,1,1,3,10,0,25,3,0,1,1084,7,3,383,0,2
0,29,362,6,174,1,19,0,0,0,0,1,0,0,52,0,0,0,0,5,0,13,2,0,5,6,202,0,0,38,0,27,0,0,0,14,3,0,0,55,0,289,0,16,33,17,7,5,141,2,4,26,3,16068,0,9,4,0,8,0,34,12,0,549,4,0,146,0,4,0,0,7,172,0,333,15,1,3,6,0,0,2,29,8,153,0,54,3,0,6931,0,0,26,11,14,22,0,11,3,3,0,187,64,10,0,0,6,4,0,6,1,1,0,31,0,23,76,3,1,3,0,505,60,0,0,4,0
0,21,54,20,28,12,75,14,88,26,3,0,37,8,94,0,6,11,0,10,0,99,6,114,2,4,148,25,0,53,0,124,1,25,0,22,10,13,11,30,37,3,49,3,46,6,10,13,119,14,4,1,26,6494,12,10,0,0,154,12,0,33,3,6,113,10,30,11,0,1,12,16,15,6,23,6,7,2,10,0,0,5,0,7,81,4,90,7,5,381,0,8,190,0,396,62,3,2,4,0,11,0,119,2,19,18,53,8,0,17,21,6,0,11,0,10,92,2,2,4,50,3,47,1,3,4,0
250,2,10,61,74,0,0,0,0,0,6,4,0,0,54,0,6,0,517,3,0,144,0,475,2,0,54,8,0,245,4,0,2,0,0,40,14,2,21,208,0,240,100,17,0,9,59,7,0,1,0,64,0,438,1,20,30,5,1,0,8,34,57,2569,1,8,2895,4,19,0,0,0,1,0,332,7,28,19,19,0,20,0,1,0,46,3,66,0,0,2059,24,32,85,54,309,71,2,1,3,3,0,5,1112,0,75,0,54,4,660,34,6,2084,43,12,0,16,98,3,1,14,3,356,104,2,1,5,6
506,14,180,4,0,0,24,0,97,0,1,26,0,0,96,1,215,12,3,0,2,0,4,66,87,8,12,0,2,86,24,55,64,1,12,0,3,16,13,38,8,4,300,0,0,3,2,1,27,47,0,1,40,29,1,36,0,12,2590,16,9,27,0,2,175,4,14,18,0,30,1,0,0,7,1131,0,123,5,16,0,0,26,15,233,105,17,28,16,1,43,75,12,29,7,1464,18,9,5,4,1,0,0,22,2,105,0,0,39,4,49,240,34,0,1,0,0,46,0,0,2,29,44,46,45,24,3,2
114,17,0,48,91,0,4,0,1,0,1,6,0,0,50,0,0,0,134,0,0,0,1,0,5,2,1425,0,21,7,0,252,1,1,0,97,0,3,2,1,0,0,0,14,1,5,4,0,0,134,2,18,0,42,0,22,0,5,1,2,1,502,0,0,31,48,257,0,0,0,0,0,0,4,61,12,0,0,0,3,0,27,2,10,0,0,5,17,0,4684,1,16,32,1,930,0,0,0,4,0,0,1127,20,41,3,0,0,1,13,7,18,2817,22,28,0,11,0,0,4,28,0,16,169,0,0,8,3
132,11,0,39,36,9694,18,0,66,14,4,1,17,36,26,1,89,12,1,0,157,172,7,142,1,13,19,102,0,446,0,5,4,0,10,6,3,0,0,141,464,1,60,10,7,11,2,30,1126,2,6,15,63,1071,0,35,30,10,1187,0,6,32,10,3,5,26,21,1,7,1,16,0,11,0,6,13,0,0,171,5,0,3,118,36,176,49,108,0,10,571,0,12,27,0,155,68,7,64,0,0,0,13,28,3,20,8,0,0,1,12,18,164,0,1,43,14,1,0,1,0,40,127,28,0,46,0,7
156,7,318,17,0,31,32,3,69,58,11,4,4,17,28,1,1,0,1,15,1,0,10,617,51,0,75,7,0,135,7,25,13,1,34,0,19,54,4,1,64,23,10,0,30,0,18,14,121,15,2,216,21,790,0,6,4,14,297,1,9,105,71,16,62,9,147,24,7,13,28,10,212,8,96,0,56,0,42,14,0,5,2,31,15,76,164,1010,16,1,1,6,25,0,186,0,1,6,8,0,53,121,11,3,82,0,99,35,0,50,0,23,3,110,0,0,140,28,0,5,67,16,92,26,1438,6,4
51,4,80,120,33,0,121,0,1,0,0,0,8,9,12,1,68,0,20,0,1,23,0,183,0,18,1,19,0,1,3,0,0,0,0,2,4,2,14,0,480,0,0,5,15,7,15,3,143,1,7,50,0,1657,0,5,0,1,9,0,0,18,7,0,4,78,1,0,14,0,13,0,173,0,8,10,11,0,5,20,0,1,18,24,2,7,2,66,7,1955,9,46,4,0,75,0,63,4,0,0,345,0,35,2,8,112,0,0,1,0,0,285,18,1,1531,12,0,310,0,0,98,11,7,0,74,0,16
49,20,395,0,400,303,31,12,5,0,0,13,0,0,115,0,0,23,1,18,0,54,1,67,7,0,4,14,0,11,4,57,0,0,0,93,0,5,6,4,0,20,24,20,26,22,0,277,19,0,3,18,27,1357,0,0,16,1,72,0,0,36,0,159,2,0,73,5,72,0,0,0,0,0,1519,20,18,1,17,0,4,8,413,14,0,4,8,0,0,11585,0,1,28,0,3458,14,0,40,4,0,0,11,5532,0,1,0,2,0,26,6,67,1734,6,1,0,35,37,0,1,0,66,275,96,7,0,7,1
0,139,12,18,48,187,22,20,76,12,6,3,0,6,654,2,0,0,7,0,369,0,7,0,23,0,65,0,8,20,0,50,0,0,0,20,0,7,0,8,0,41,0,9,0,0,0,15,2,9,9,11,10,2137,1,184,6,0,11,0,0,79,0,323,0,48,90,30,0,0,1,19,5,20,830,11,3,4,0,0,0,8,6,1,0,0,164,13,1,1687,0,39,70,0,4688,0,19,50,5,1,0,0,11,1,284,0,0,1,0,66,2,1,1,4,0,7,11,8,2,2,22,0,161,5,1,2,4
10,32,3,37,0,1,77,3,944,1,0,0,0,13,61,2,13,15,922,28,26,14,0,371,0,2,2142,2,0,153,3,5,88,49,4,2,8,0,4,165,1,4,546,0,7,0,21,1,0,8,0,1,22,163,0,98,0,0,80,6,160,23,0,89,128,223,1,0,54,7,0,13,17,5,10,0,33,15,19,0,26,1,0,2,59,25,64,1,0,8,20,55,93,114,1441,5,28,0,5,95,41,653,2,2,2,0,0,6,18,5,0,17,0,9,109,0,78,100,0,5,6,61,98,0,42,7,0
64,28,126,19,37,86,27,16,0,49,0,1,0,37,25,0,37,3,83,30,1488,53,0,0,0,0,1,0,0,0,0,1,0,0,16,1,3,5,5,1,2,0,68,3,24,5,0,4,12,1,2,0,1,109,1,8,0,6,338,0,4,12,35,1,34,0,101,3,6,1,1,75,49,1,70,0,0,8,0,8,9,9,0,19,0,0,18,15,0,559,1,9,6,0,1676,0,11,20,0,3,0,10,811,0,538,0,16,0,2,0,18,11,0,9,10,0,0,16,0,0,7,97,3,1,85,0,7
132,7,1,17,2,0,62,95,5,9,3,1,16,40,36,1,95,2,2,6,0,135,24,666,11,4,651,97,2,120,6,12,1,0,7,21,44,56,85,3,537,22,8,0,9,0,15,32,0,0,9,9,52,2753,44,0,0,10,1460,0,0,111,6,0,0,210,49,0,15,24,15,0,6,43,37,0,50,0,132,6,22,1,3,122,49,23,129,680,14,67,1,8,91,88,446,5,0,7,8,3,5,0,21,6,36,3,15,32,0,12,133,432,18,35,52,1,186,20,3,19,119,2,269,42,283,12,7
278,19,0,9,10,1,20,40,0,2,4,1,2,0,46,0,15,19,9,7,1,11,0,154,0,6,11,0,0,3,1,6,36,12,2,67,0,0,13,63,4,2,45,0,11,0,2,10,286,0,0,0,1,31,1,3,18,8,162,18,0,0,52,0,523,23,43,0,47,0,3,1,38,0,53,11,10,0,0,0,0,0,154,3,0,5,6,0,0,171,6,4,3,11,348,9,2,1,0,1,4,2,177,0,16,5,70,1,50,3,23,3562,0,0,0,0,1,0,1,2,0,0,36,0,30,1,12
9,14,4,66,4,3,90,19,5,0,2,0,22,133,42,0,8,3,1,0,7,0,0,12,6,4,1410,9,0,32,11,1,0,1,5,67,9,0,22,0,39,0,4,0,6,0,0,508,91,1,0,10,79,241,0,121,42,0,231,0,483,40,26,0,2,0,157,0,0,0,6,7,1371,13,81,2,31,0,6,9,0,0,4,3,21,7,91,0,0,87,0,93,1,4,266,0,40,6,0,5,0,0,35,0,22,3,55,0,0,6,16,27,2,4,0,0,21,2,0,17,14,0,112,0,1,5,12
3,43,7,138,19,2,3,0,0,1,3,0,3,29,119,0,4,0,1,2,0,1,6,26,0,3,51,0,4,66,4,109,538,0,0,62,14,12,0,23,131,21,0,5,1,9,13,16,0,4,1,32,47,660,10,57,7,0,29,0,31,41,0,26,1,177,15,1,41,12,11,52,1287,16,34,5,31,101,6,0,0,0,34,98,12,11,53,19,6,678,0,25,12,0,152,4,1,18,2,0,178,8,6,6,273,0,0,0,2,17,8,15,37,25,0,6,50,18,17,9,80,313,48,13,25,0,6
407,716,1,2,4,0,17,26,48,3,0,0,0,0,2408,1,5,17,276,0,36,168,8,2,26,54,1620,139,0,1,11,16,0,4,4,21,0,19,45,178,2,0,0,0,64,0,0,20,0,1,1,0,16,131,0,1,5,17,129,0,22,107,0,23,9,0,63,0,19,0,2,126,11,36,40,3,41,1,46,0,8,0,72,0,0,0,0,12,0,19,0,9,4,3,930,0,0,31,5,0,96,1,83,0,4,111,26,10,0,1,0,356,239,3,59,0,24,8,1,10,0,13,56,4,243,1,0
64,5,1,0,32,0,17,0,264,25,0,0,7,2,10,9,41,15,1,4,0,6,0,0,0,0,418,8,6,12,0,21,0,29,4,197,0,1,0,125,82,54,72,7,76,7,0,68,409,5,0,408,1,71,1,2,19,5,590,4,29,42,15,0,26,29,646,0,1,0,40,14,16,0,202,0,0,0,36,12,0,1,2,22,16,0,21,20,9,988,19,1,0,9,228,20,0,8,0,0,2,4015,18,16,53,0,0,0,6,0,0,581,0,40,0,9,0,198,13,12,0,47,146,0,48,5,32
0,5,0,0,227,0,59,0,53,3,0,0,0,1,25,4,6,5,6,1,258,0,0,0,1,0,96,0,7,52,0,18,47,1,0,5,0,5,0,0,8,0,0,29,1,11,0,15,6,8,0,0,0,93,0,3,4,0,1,0,0,77,0,137,2,0,623,3,1,9,0,0,5,1,1602,10,2,0,0,0,0,2,517,1,0,0,0,0,0,9912,0,0,0,2,723,8,0,1,0,0,0,0,44,2,31,1,0,0,6,14,0,24,6,7,0,14,0,2,3,0,7,3,30,0,0,1,0
11,1,1,36,458,13,11,53,514,0,2,2,0,3,32,0,3,3,3,3,21,0,0,27,4,0,1,0,12,57,3,14,0,6,0,24,0,121,0,0,0,290,5,67,0,23,1,63,46,82,0,0,0,76,0,232,10,0,0,6,0,63,0,7,15,13,0,2,8,6,0,0,116,7,16,29,10,16,50,0,0,5,0,1,1,0,38,0,0,24180,51,57,61,17,186,8,4,199,1,0,0,1,659,1,8,4,0,0,16,12,24,4296,3,0,0,54,0,0,2,0,8,0,101,1,0,1,2
51,16,31,0,101,0,0,0,157,1,0,0,0,0,92,1,37,0,37,0,0,0,0,0,7,0,1,0,54,9,0,0,0,5,5,5,0,29,0,41,4,0,0,20,1,6,1,17,256,0,1,25,0,90,15,0,26,4,119,2,2,10,13,0,25,0,3853,5,0,0,0,2,1,0,360,19,0,0,0,0,1,0,45,4,4,0,14,0,0,4812,0,0,0,0,12,0,0,0,0,0,4,0,118,4,14,0,17,0,0,0,0,60,10,0,0,26,0,0,2,0,0,0,0,0,6,0,21
32,106,0,12,31,1,95,8,40,0,0,6,0,0,834,10,0,0,0,1,85,0,5,12,5,10,515,0,12,33,20,325,0,270,0,5,1,24,14,0,6,0,0,8,0,5,4,52,19,6,0,467,23,122,13,17,22,3,6,55,7,124,0,97,1161,0,1254,24,27,0,1,0,356,7,49,0,91,0,0,0,0,0,0,51,30,0,23,41,0,1039,0,47,76,5,315,16,20,46,9,0,0,985,68,36,57,0,21,11,0,3,4,53,40,14,0,5,9,0,1,11,5,0,71,0,20,4,1
16,0,63,0,19,1,75,0,148,1,0,0,0,0,1,0,4,338,0,0,0,0,0,224,65,0,57,57,14,7,1,28,300,0,12,0,0,1,9,9,0,263,204,5,7,0,0,32,20,0,1,0,0,178,0,0,15,0,382,0,0,30,0,359,1,83,9,0,0,0,0,0,3,8,120,19,7,0,0,0,28,0,24,0,3,28,21,1,0,551,68,2,5,78,32,0,0,0,1,2,78,17,30,0,12,0,3,1,0,6,7,807,174,0,29,10,2,127,3,1,0,30,18,0,104,2,11
13,178,0,3,82,0,12,4,0,3,0,1,0,0,1233,4,0,0,18,0,372,0,0,3,0,0,14,0,0,19,0,539,22,16,0,3,0,0,0,0,0,13,38,12,0,0,1,0,0,74,0,8,2,19,0,0,0,1,9,3,0,5,0,0,66,3,117,6,80,0,0,35,7,0,8,7,0,0,0,0,0,1,2,336,0,0,0,0,0,3405,0,1,0,0,5555,0,0,0,0,0,925,0,72,38,51,0,0,0,0,0,0,0,9,2,0,16,0,166,8,7,0,0,0,0,6,0,0
120,38,0,0,192,4771,0,0,51,8,1,0,0,0,34,1,4,16,1,11,700,0,0,13,0,27,1714,9,0,0,0,454,3,2,3,68,25,0,1,0,0,5,24,18,3,8,1,0,0,3,0,0,0,47,0,26,0,7,238,0,0,207,0,14,13,0,159,0,69,0,1,63,14,1,2,18,5,17,0,0,0,5,11,1,5,2,23,0,0,7112,10,6,0,0,394,0,14,0,0,0,0,0,481,6,1,0,0,0,0,11,0,211,0,0,0,24,3,1,0,22,0,17,26,0,158,0,1
273,0,3,0,68,0,1,0,0,21,0,23,5,2,0,4,5,0,88,7,0,8,0,76,90,6,11,56,0,40,0,72,349,0,2,0,4,0,5,0,52,14,54,9,57,3,22,4,21,39,0,20,2,4,394,0,8,19,119,0,0,0,35,0,2,0,0,0,86,0,3,0,19,0,11,5,0,4,11,0,77,27,25,1,0,1,5,0,6,2412,2,5,13,1,206,8,0,0,0,0,949,20,19,23,0,0,106,0,112,8,84,10139,15,0,0,7,0,194,5,5,88,0,4,41,166,0,0
85,74,0,30,34,0,120,0,64,3,0,1,0,0,149,0,0,3,2,0,185,0,2,332,29,256,118,17,0,109,0,6,17,22,1,10,8,0,0,4,22,33,126,12,0,10,1,70,642,1,0,121,19,6,0,52,185,5,45,43,124,55,6,138,2456,34,406,6,130,0,4,302,165,3,65,12,27,1,17,65,0,2,90,46,2,19,11,2,1,797,42,7,11,0,497,27,0,0,3,3,1,493,4,1,13,8,0,0,2,8,0,783,0,17,0,7,109,0,3,1,13,43,40,0,91,0,24
405,74,1,25,1,13,385,3,237,7,0,23,1,12,399,1,12,0,269,70,0,2,20,7,3,30,12989,2,5,57,5,96,1,0,13,28,8,1,53,16,53,0,5,0,29,0,0,0,0,194,0,66,147,56,5,9,0,13,125,0,61,31,7,1,1,19,1,0,31,9,25,156,0,4,8,0,51,1,28,14,0,40,1,1,0,0,40,0,9,45,0,18,25,44,14,0,0,0,5,0,3,28,5,22,0,40,19,17,0,16,27,66,11,0,4,0,39,87,10,84,27,0,243,7,359,22,1
35,0,0,28,25,3,15,5,0,5,0,33,10,2,23,3,11,0,5,10,0,5,7,361,0,0,0,0,19,190,7,25,33,0,0,230,0,27,3,4,88,19,2,3,29,4,2,36,3,11,10,1,20,2963,823,13,44,2,23,1,0,1,292,0,17,248,725,3,16,7,13,0,9,14,1178,6,34,0,0,15,5,13,42,2,13,17,0,38,9,461,21,89,272,0,3,7,15,6,12,0,1,248,6,16,19,112,14,4,40,0,191,490,2648,71,38,9,20,261,2,0,69,23,494,11,155,21,11
544,30,0,19,47,23,4,0,67,13,6,0,0,13,128,0,55,0,1,0,10,32,1,36,0,5,310,0,70,37,0,6,0,0,0,52,0,9,0,0,10,0,0,6,8,18,0,19,0,0,5,2,3,465,0,58,0,13,33,0,4,281,0,1,12,0,4462,0,30,19,0,0,179,11,354,48,16,13,0,4,0,1,0,1,0,4,125,34,0,1539,0,4,16,48,231,26,0,0,5,0,0,1,55,0,24,23,0,0,0,15,53,163,35,8,0,5,27,5,4,18,0,0,210,1,22,6,20
0,8,0,4,738,0,3,0,96,19,3,0,0,0,149,1,5,1,0,16,47,242,0,66,150,0,4,28,0,40,1,90,0,0,0,0,10,1,5,8,2,75,337,57,21,36,15,6,97,1,0,4,0,87,0,0,16,0,173,0,0,13,14,334,1,18,0,1,0,17,0,0,30,0,412,55,33,0,20,6,5,0,38,1,1,14,40,0,0,36709,10,1,20,0,1025,4,0,46,3,0,0,3,141,1,414,59,6,26,0,16,75,3937,1,0,395,82,263,258,0,1,7,16,0,5,33,0,6
1,1,13,19,433,1,219,0,297,2,0,2,26,2,4,0,3,0,1,0,16,7,0,9,1,0,0,45,0,23,11,3,13,0,0,2,0,0,2,0,249,0,0,46,4,37,1,40,131,0,0,5,26,5,7,73,0,0,16,0,21,0,4,2,1,7,9,0,41,0,3,48,10,0,4,32,59,0,17,4,0,2,145,5,0,3,7,0,2,21437,1,95,56,13,7,4,53,0,5,32,250,0,444,0,0,0,40,0,0,6,0,1,1,0,0,46,91,6,0,0,35,0,74,2,31,7,0
134,55,0,23,5,20,10,37,0,7,7,0,5,2,60,2,31,0,6,0,34,0,10,0,27,0,14,0,0,0,4,123,1,0,11,23,0,2,1,9,57,1,0,0,0,0,0,1,0,1,3,14,6,1281,0,529,0,5,332,0,0,28,6,9,8,482,15,0,0,25,15,1,0,8,272,1,27,18,0,0,29,1,0,6391,2,0,303,0,13,126,0,20,30,8,282,0,23,4,9,0,22,0,51,1,28,0,32,11,12,83,0,29,0,0,20,0,37,0,2,4,0,0,178,5,3,6,0
87,48,0,7,7,0,12,2,49,18,0,1,0,0,378,1,261,0,1,9,27,4,0,1,36,11,1,0,0,6,2,33,350,170,13,0,0,0,0,0,1,13,0,0,5,0,0,0,2,215,2,1125,1,661,1,119,0,2,150,18,9,3,2,694,12,247,388,3,16,0,2,79,89,0,49,0,8,15,26,4,0,2,42,33,0,0,16,0,0,200,260,57,38,0,2183,0,15,0,0,2,0,0,20,86,15,0,1,0,18,17,0,91,0,0,0,6,0,95,19,0,1,0,17,0,214,0,11
32,4,0,15,210,0,57,0,45,4,0,3,1,0,6,0,3,0,1,0,1,1,0,0,11,1,7775,0,15,0,0,69,39,3,0,0,41,0,2,20,38,7,10,24,25,43,0,6,0,41,0,0,0,100,0,2,7,0,13,3,1,24,0,0,24,64,107,0,1,0,6,0,36,7,205,29,3,0,0,0,0,11,9,7227,0,1,0,1,0,10626,0,0,0,0,73,16,0,0,0,0,0,15,17,6,0,3,0,0,21,0,0,2,0,15,1,58,3,19,1,9,0,0,9,0,66,0,11
10,62,4,0,21,0,25,19,67,0,0,2,1,6,134,0,25,2,19,0,0,0,0,44,13,1,5,0,23,114,0,35,0,2,0,128,6,26,1,356,22,9,0,0,5,4,15,78,9,2,12,101,1,5945,179,0,16,1,34,4,0,21,1,0,193,0,321,3,2,0,1,275,744,6,306,7,1,0,7,13,0,2,17,3,28,0,7,40,0,424,0,0,0,77,538,14,0,0,0,0,0,7,14,3,17,32,23,0,0,1,7,31,0,30,0,5,10,157,0,0,18,0,51,0,8,3,15
60,5,0,13,86,564,5,131,0,1,0,41,0,7,3,0,28,0,0,0,1,0,0,100,0,0,74,0,2,29,0,83,322,0,0,211,0,5,0,0,9,11,39,14,15,14,7,2,0,1,0,10,1,3,116,136,15,2,0,2,2,7,14,3,73,0,117,0,9,0,3,0,0,13,0,25,1,0,0,0,0,12,22,7574,1,5,23,1,0,2082,1,38,57,0,24,0,7,0,3,5,33,14,517,5,0,0,28,6,0,25,1,137,0,31,96,24,17,2,1,0,0,2,42,1,1,1,0
459,5,0,23,162,0,24,44,0,2,0,1,13,0,24,0,0,0,2,5,9,1,0,7,3,0,1,0,1,0,3,0,0,0,14,0,0,51,0,0,104,0,0,33,10,8,0,6,22,4,1,0,7,341,0,4,0,16,15,0,1,29,0,2,1,0,0,1,0,7,8,0,27,5,91,18,22,0,0,30,0,1,0,22,0,0,32,80,0,10059,2,1,104,45,47,10,0,1,2,34,0,0,545,2,16,4,0,3,0,7,44,347,5,5,7,20,0,0,1,0,0,0,0,1,90,0,0
201,3,0,19,57,14,0,7,12,3,0,1,4,21,18,3,64,0,1,1,0,29,1,2,4,0,25,0,35,22,0,29,16,0,0,118,1,6,1,218,71,53,0,10,7,9,0,1,22,1,5,317,20,1195,0,25,6,7,33,0,1,39,0,2,1,57,161,0,7,17,8,0,0,9,20,3,1,10,8,4,1,3,167,11,0,0,4,0,2,1949,33,9,28,0,106,0,1,162,2,0,91,2683,64,18,4,0,0,0,56,16,16,282,53,2,0,9,13,1,1,2,6,826,64,6,33,1,0
0,0,0,6,598,2,0,0,57,1,1,6,0,0,0,0,0,9,1,0,0,11,0,38,3,0,10,26,2,401,0,51,0,1,0,40,0,4,3,45,0,136,59,40,0,33,12,13,15,4,10,0,8,1644,0,34,0,0,75,0,0,8,0,94,7,0,33,0,0,0,0,0,0,33,472,31,16,0,4,0,0,4,0,103,23,15,463,10,0,28999,0,22,39,449,11,0,0,6,16,42,0,0,977,1,0,0,0,1,0,16,80,17,27,8,0,53,39,0,0,0,0,187,109,0,0,14,2
30,7,4,0,46,0,17,19,1616,0,5,24,3,53,29,0,5,0,277,1,0,76,13,17,0,15,158,0,72,12,3,2,0,0,0,5,6,91,2,0,219,0,0,11,7,0,0,24,62,52,2,361,4,458,0,5,0,0,0,0,36,272,0,1,1,50,293,3,0,0,12,0,14,16,27,9,28,0,0,0,0,33,0,7,9,0,82,49,10,1094,0,2,46,6,339,0,0,1,11,0,0,0,428,2,218,0,0,17,0,2,0,5,62,5,18,13,113,45,2,9,8,0,170,0,8,20,5
330,8,0,7,9,0,1,0,3923,4,1,0,36,0,27,1,14,0,0,16,1,20,9,41,9,15,314,143,7,16,0,161,228,1,35,47,6,0,1,8,47,115,278,0,48,3,6,3,106,2,4,130,8,5367,7,3,6,9,57,1,40,77,18,320,22,20,1463,8,14,0,7,27,0,5,360,2,0,6,57,1,171,1,20,32,0,2,2,0,7,88,8,0,51,14,143,6,0,0,3,3,20,1,158,3,7,0,0,3,280,7,0,191,0,2,0,0,0,2239,0,11,0,28,188,0,142,16,3
1454,6,0,71,27,16,25,0,4,0,2,0,27,8,51,13,23,10,1,0,0,44,6,44,23,0,274,0,1,0,10,32,0,0,21,0,21,9,29,2,355,2,0,4,1,7,0,27,19,9,6,0,62,1193,1,9,44,27,2022,0,14,21,0,8,0,1,91,0,14,5,5,2,13,4,24,8,41,8,22,21,0,0,0,1182,0,25,61,1,8,392,0,18,22,16,151,4,1,6,0,29,0,619,66,17,18,170,2,8,10,32,75,95,297,5,286,13,23,128,5,1,10,34,15,0,96,3,0
30,3,0,260,6,73,52,1,268,0,3,0,0,26,29,1,0,10,1,0,0,0,3,49,6,13,502,64,1,0,11,38,2844,2,0,614,97,77,29,0,3,9,127,0,0,0,0,5,770,0,4,1,175,3679,0,216,7,6,248,0,7,35,9,41,7,35,1251,11,7,10,3,9,0,57,233,2,133,8,0,28,27,0,1,0,0,13,204,57,0,107,2,23,40,60,1004,1,13,54,5,23,170,19,14,2,0,0,12,5,7,35,2,84,0,19,0,0,134,0,2,14,15,191,1151,5,108,41,1
0,6,0,112,484,1,8,0,127,0,0,2,0,20,39,0,1,0,0,0,0,46,3,11,0,1,10,0,3,13,0,11,12,0,1,13,1,2,4,1,10,36,0,47,14,26,2,0,7,2,0,0,0,31,5,42,1,0,37,0,24,10,0,5,11,422,119,0,5,0,1,0,3,0,52,54,0,3,0,0,0,2,32,290,5,0,27,0,1,27055,141,39,17,0,67,9,13,0,3,8,0,32,9,3,26,1,0,4,185,2,0,277,21,4,464,33,1,253,1,0,0,0,65,0,0,4,0
70,1,120,23,20,2,10,1,6,1,0,0,6,0,13,0,0,0,10,38,0,0,8,0,0,0,0,0,0,5,15,0,0,3,5,0,0,3,5,0,21,42,0,1,5,0,4,56,29,1,0,1,0,57,8,3,0,1,21,0,0,0,0,432,2,21,25,2,74,0,8,0,0,4,54,1,138,9,0,0,8,0,0,5,10,0,85,1,3,898,0,8,109,6,51,0,1,1,2,58,0,0,1,0,0,22,21,16,0,21,0,9,7,6,13,5,63,29,0,0,2,107,8,0,71,0,4
82,69,0,51,1,118,23,0,0,3,9,0,12,18,168,1,5,0,72,0,1,2,1,55,10,0,2,0,0,3,0,0,0,3,0,282,0,0,12,0,90,0,0,0,7,0,7,71,34,5,7,8,0,3425,0,28,2,2,5,2,4,20,0,105,21,17,825,2,7,0,15,54,3411,0,4003,0,0,4,0,1,0,1,1,668,0,8,641,8,5,29,0,8,0,208,200,0,0,10,0,18,91,15,10,0,19,0,0,4,0,532,0,95,3415,10,14,0,0,3,3,0,5,6,153,0,7,4,8
493,18,0,7,45,0,127,2,224,6,3,0,3,2,120,0,7,3,1,1,6,8,5,67,31,0,28,1,4,3,7,60,4,1,7,58,8,10,7,12,69,0,19,10,0,6,20,13,2,0,2,82,20,1610,0,12,0,9,747,0,11,76,0,97,1,0,1725,5,11,4,2,0,0,0,318,5,21,0,0,0,3,0,0,3,29,7,135,0,2,754,0,24,89,39,317,20,10,0,2,19,0,18,44,13,25,1,0,0,10,12,525,474,42,0,0,0,35,556,0,6,14,33,309,1,22,12,3
1,155,4,6,55,0,26,818,132,16,1,2,0,0,1862,0,0,0,2,30,7,0,0,0,5,2,684,0,0,8,2,182,0,0,0,61,4,26,3,53,0,38,0,10,0,7,0,33,0,7,3,16,8,461,22,43,6,0,2,0,25,65,44,104,1,0,210,6,0,8,0,119,3,6,3321,0,3,0,0,0,0,5,53,6,0,0,54,163,0,1314,0,50,10,0,923,0,12,13,1,0,0,1342,10,3,24,0,40,0,0,46,16,20,546,120,0,0,25,317,1,45,13,55,61,22,0,1,0
0,5,232,0,109,0,48,6,10,0,3,4,0,0,45,16,0,0,3,6,0,0,0,596,25,2,9,3,0,72,0,20,191,80,0,0,0,1,2,231,0,77,149,24,0,12,14,3,69,28,0,0,0,376,36,6,19,0,27,14,22,11,55,117,288,0,16,6,0,0,0,0,0,1,1243,10,6,0,6,0,25,3,1051,1,56,11,136,0,0,2899,26,12,2,17,372,6,0,0,1,0,287,5,189,4,77,0,78,0,1,30,35,202,49,10,3,13,10,0,0,0,18,60,11,0,0,0,9
76,19,345,4,36,614,20,3,0,0,0,1,8,11,241,2,0,9,0,6,0,0,7,0,3,0,11,14,1,0,2,55,0,5,9,0,0,3,0,24,67,0,0,6,2,3,0,80,5,101,0,5,14,211,7,20,0,1,128,0,2,0,0,15,2,14,2215,15,0,0,7,0,31,1,206,0,29,0,0,0,0,3,1,1,0,0,18,0,1,328,0,11,8,1,865,0,5,25,7,1,1,0,840,9,5,16,2,13,0,8,25,30,126,0,47,9,49,385,3,1,3,0,57,0,9,2,2
19,0,0,74,41,5,37,0,9,2,1,0,22,16,8,1,0,69,0,2,0,64,16,7,0,5,1,0,2,425,3,2,540,83,48,0,5,0,21,0,115,0,1,12,15,8,0,0,51,62,0,0,48,217,40,16,39,0,1299,6,0,22,3,326,20,176,8,0,248,2,9,0,6,8,224,8,56,8,10,0,1,0,2845,0,0,6,31,0,7,1305,0,32,794,5,664,0,7,1,19,10,3,12,89,5,29,12,14,249,0,9,0,6,671,0,2,0,600,0,8,0,79,0,76,0,1493,10,0
670,1,0,0,60,27,0,0,0,0,3,3,0,0,7,12,3,1,1,0,0,12,6,33,25,2,15,0,11,0,0,0,5,0,1,0,14,1,0,26,19,2,0,10,0,2,17,42,1387,25,1,1,0,192,2,7,26,14,34,0,28,50,0,8,1,0,102,0,136,0,0,0,100,3,9,8,29,0,8,0,0,10,0,1,0,7,11,3,3,2188,3,16,25,10,5,4,3,1,5,1,0,114,13,2,2,0,0,0,1,19,4,19,894,2,0,9,46,9,5,0,32,60,40,8,4,2,13
10,89,0,0,125,0,13,0,43,6,1,2,10,0,227,0,3,0,12,33,14,0,1,267,0,3,176,48,21,0,0,8,0,6,1,0,0,3,13,0,179,0,0,12,38,8,5,0,0,230,0,1,0,7,1,0,5,0,4,0,16,79,16,0,1,0,85,9,3,5,10,18,64,7,44,10,0,0,0,13,0,9,76,130,0,32,15,25,6,4959,0,0,8,0,130,0,0,0,0,0,0,25,198,0,10,64,0,3,2,1,0,1689,1,0,3,7,6,88,1,6,27,0,6,2,36,0,6
22,0,0,42,70,345,6,0,16,29,0,2,5,59,0,0,0,0,603,22,0,0,4,0,0,0,3906,0,7,0,0,18,12,1,4,12,0,8,0,0,31,1,15,16,5,15,0,1,0,33,0,0,0,127,8,71,0,1,1,0,0,32,0,356,2,70,98,0,4,7,3,0,24,49,397,2,7,23,0,0,22,1,1,1,0,0,21,9,1,2065,0,4,29,1,73,0,0,0,14,0,2,670,321,2,2,0,0,0,2,0,0,22,0,7,0,0,4,0,0,19,0,0,128,0,58,5,0
675,46,675,0,2,0,14,11,41,0,0,1,6,0,211,0,5,1,19,16,0,0,1,5,4,1,340,0,0,2,0,28,0,2,11,34,0,6,0,15,35,3,0,0,36,1,1,37,0,1,7,0,10,1742,35,0,24,27,43,4,3,60,1,136,73,9,917,4,0,0,14,5,1628,7,57,0,1,0,0,6,41,0,51,119,14,0,1,50,7,23,0,0,1,96,2660,1,0,1,1,0,1004,0,316,7,20,41,4,0,2,0,53,874,11,20,48,0,0,7,0,1,24,3,119,0,117,12,0
944,0,160,16,3,0,12,0,3,0,0,0,8,0,6,0,94,0,11113,14,136,0,0,1606,16,0,19,21,0,147,0,1,3,10,14,70,3,0,5,0,75,4,39,2,1,1,37,1,20,34,2,0,5,126,14,11,31,16,32,4,0,52,2,363,27,16,18,0,0,7,1,0,140,4,38,0,0,4,37,7,47,0,16,7,22,54,3,4,2,28,17,33,17,5,86,6,6,0,1,0,2,46,1043,1,22,44,0,0,222,2,13,965,5,11,25,0,0,251,4,2,17,194,47,1,174,0,7
22,15,11,0,481,0,17,0,167,2,0,1,0,0,24,3,0,37,1,0,123,10,0,0,17,0,3,0,7,22,0,17,9,215,3,3,0,0,6,0,0,4,0,41,6,63,0,16,12,1133,0,64,0,8,4,9,0,0,34,65,0,4,0,330,231,0,14,0,19,0,0,0,13,0,70,49,1,6,29,0,0,13,161,55,0,0,0,0,0,28444,14,3,0,19,30,5,0,1,4,0,0,6,57,28,2,0,0,1,0,0,5,178,6,0,0,44,0,1495,5,0,0,0,17,0,38,0,2
1,41,43,6,42,73,11,14,237,0,0,2,68,13,233,11,4,0,1,6,914,3,10,33,0,14,3298,9,3,0,0,49,1,6,0,5,11,1,28,0,247,0,5,8,11,4,0,1,0,1,0,0,53,475,29,0,0,0,211,6,0,374,0,0,89,24,6,32,50,7,60,16,40,0,57,8,0,0,0,10,19,0,46,1924,0,4,6,0,13,962,0,0,41,0,174,0,0,2,3,0,3,122,348,5,25,3,317,5,0,3,1,34,0,1,88,13,27,0,0,6,55,9,244,14,83,12,0
1801,4,14,106,18,0,23,8,114,0,0,15,2,24,19,0,0,0,17,10,3,81,4,392,0,22,1,11,2,8,0,657,71,0,2,29,2,0,11,61,109,1512,5,1,104,4,7,5,0,3,2,161,32,638,46,20,11,29,104,0,126,5,173,54,0,97,13,0,113,18,30,1,0,11,45,5,4,19,10,0,2,12,7,33,0,12,24,0,7,488,55,33,67,0,9269,1,3,0,4,8,0,8,60,2,10,0,1,4,166,7,17,5837,0,0,0,11,52,262,0,0,46,366,71,15,72,7,2
9,12,1,15,33,0,59,4,693,14,1,0,0,1,149,0,1,76,0,0,25,23,0,202,6,18,140,65,0,91,5,23,238,1,0,41,5,2,14,0,9,42,402,10,2,0,0,64,150,0,1,0,1,301,4,10,66,0,10,4,2,191,29,32,87,10,12,2,14,1,0,8,97,6,14,6,15,0,0,3,3,0,24,1,9,1,30,0,0,1229,43,123,27,1,1887,6,40,26,1,0,1,2242,24,0,6,14,28,0,181,4,11,4215,2415,8,0,9,5,10,0,9,19,46,65,0,53,2,30
76,14,0,0,40,0,14,178,0,18,0,1,44,8,34,13,42,2,10,9,39,199,3,183,0,22,16,0,1,112,4,60,3,1,3,0,2,0,3,0,706,0,267,5,175,4,4,0,0,120,6,0,9,555,11,6,0,3,85,0,6,15,4,337,2,17,18,0,208,6,23,2,1,0,46,17,12,12,1,0,6,3,1,7,1,19,14,0,4,685,0,9,22,3,702,0,0,2,0,1,0,8,96,9,16,50,2,16,3,20,88,126,0,0,9,2,114,1,0,0,38,0,19,0,268,0,21
7,3,6,0,104,116,17,0,1,8,0,0,7,3,3,0,0,0,0,29,0,6,5,0,4,21,49,1,7,0,0,384,0,291,0,80,0,0,0,69,292,60,0,13,17,13,0,27,3,9,0,3,2,228,5,65,0,0,74,48,30,9,0,8,577,7,330,1,6,11,91,0,1,0,1244,5,11,21,5,1,18,0,7,1,9,0,20,0,16,3009,0,3,0,1,52,0,0,1,1,12,0,1,75,9,0,6,3,0,0,20,1,13,0,0,0,13,6,1,1,0,5,62,443,76,191,11,0
6,15,134,0,12,19,40,42,6,33,0,0,13,8,45,3,0,6,17,102,0,49,0,16,129,26,4,0,3,38,11,326,92,0,6,26,0,12,0,33,33,70,26,0,454,1,3,30,88,0,4,0,23,3523,8,6,15,0,279,0,56,0,59,3,2,23,173,11,0,5,72,2,0,1,1514,0,33,8,5,2,28,1,2,0,24,12,5,0,4,122,0,13,21,18,6398,27,115,393,2,1,1,0,137,9,25,28,6,0,1,0,1,58,0,1,27,0,107,0,0,0,8,0,47,0,94,2,3
1,11,1,95,144,0,3,21,0,5,0,4,10,6,24,0,0,0,0,0,2,0,5,5,1,1,287,0,0,171,6,1,0,5,32,5,6,16,3,128,63,4,24,22,12,15,0,21,286,15,1,518,33,369,0,159,3,0,331,1,5,84,0,108,11,11,94,8,29,0,7,1,19,8,223,20,57,217,23,4,0,3,2,0,0,0,54,49,2,10006,0,4,140,21,3,0,0,26,13,3,0,108,3,13,6,1,12,340,0,9,0,84,0,24,0,20,2836,0,0,3,2,27,38,2,431,2,0
71,16,1169,36,0,0,142,71,43,2,0,3,0,3,63,1,25,7,7,9,10,1,0,38,40,18,1,3,1,6,1,14,52,68,8,13,0,0,4,186,2,21,0,0,11,0,3,0,4,23,0,58,2,384,8,53,11,4,679,96,48,12,2,15,605,6,12,0,27,10,5,0,0,0,10,0,11,24,120,0,0,7,12,9,18,5,55,0,5,5,567,14,30,2,110,40,5,0,0,0,0,8,1,13,17,8,8,0,46,9,98,72,0,0,16,0,2,2,0,0,5,18,33,14,61,3,0
332,58,16,138,2,91,94,19,11,31,3,10,10,7,298,0,2,4,1,97,4,11,9,37,33,16,157,0,10,91,2,18,7,0,4,139,8,21,20,7,73,1,2,0,104,0,0,6,0,0,0,2,165,1305,217,3,5,28,834,0,10,149,13,0,1,451,0,14,58,1,72,2,2,12,8808,0,13,0,7,14,3,2,1,1,0,16,20,68,16,44,6,39,186,8,333,2,3,0,5,6,48,63,15,0,65,9,22,2,3,8,1831,14,20,12,55,0,2,5,3,5,35,90,590,45,757,29,2
634,4,0,21,1,0,8,1,90,0,1,4,0,3,10,0,1,22,435,1,120,3,11,174,25,6,39,21,14,37,1,0,0,1,14,676,3,109,14,28,4,21,0,0,11,0,6,74,89,5,5,77,8,479,0,57,0,16,229,1,0,13,0,64,38,512,357,0,4,2,2,0,118,58,887,0,21,52,6,0,8,4,0,46,10,23,17,338,0,32,24,12,16,25,12,2,0,1,15,6,0,4,18,1,0,0,0,3,11,14,0,115,41,132,39,0,64,45,2,2,0,2,892,0,84,22,7
386,10,0,7,109,0,38,44,9,0,0,2,4,0,102,18,0,1,3,0,0,0,13,0,1,0,238,0,0,4,38,0,0,1,0,0,4,3,6,0,89,1,0,12,0,12,3,13,0,31,0,43,17,51,0,5,0,13,40,0,75,20,0,197,0,121,126,0,80,0,3,0,39,8,104,14,298,0,0,0,0,1,0,138,10,0,4,1,1,8025,0,11,255,21,194,0,0,1,12,7,0,0,26,11,7,2,0,23,0,6,45,9,1654,2,0,20,266,1,6,9,5,0,208,0,10,23,0
308,7,11,15,81,0,27,2,2172,0,2,0,0,0,82,0,18,0,6,0,0,21,0,30,23,24,894,171,1,6,4,18,43,0,0,0,26,5,5,25,0,12,58,18,13,15,2,11,0,0,2,68,0,506,3,0,10,6,0,0,0,92,3,899,1,6,22,2,0,0,0,0,17,4,40,6,11,8,0,0,41,1,140,4,45,0,25,2,0,1413,0,0,0,0,4370,5,0,7,0,0,167,0,1130,0,19,116,0,0,0,0,130,423,228,4,253,15,5,40,1,40,0,16,0,0,1,0,4
88,81,0,0,3,4,9,0,165,36,2,7,1,0,157,0,30,0,1,32,1,19,0,6,7,17,542,0,3,109,4,8,12,0,19,10,5,0,4,12,15,0,126,0,19,7,0,0,3,13,2,1,0,446,3,15,3,4,50,0,0,56,4,55,1,61,11,0,21,0,1,7,0,3,33,5,13,5,44,0,4,11,1436,1229,16,0,19,6,0,84,12,13,0,14,125,4,21,0,0,8,17,175,15,0,28,7,4,0,46,1,0,179,0,10,83,0,0,2,3,30,0,0,0,0,151,0,1
62,8,0,133,61,0,35,0,116,9,32,0,11,6,30,1,46,0,0,0,4,51,6,882,0,0,198,11,0,236,1,0,0,21,16,70,15,3,11,5,203,1,3,9,0,8,35,3,0,0,2,1,1,262,17,60,0,2,509,4,4,33,47,18,35,16,112,1,15,45,2,8,4,5,114,9,31,73,41,0,1,0,0,2,18,23,275,11,7,1094,115,9,92,31,1,21,7,0,3,16,0,3,423,0,7,0,14,26,13,493,5,434,1,2,1,11,177,664,1,16,57,16,128,17,71,9,11
77,76,57,0,104,0,10,6,0,1,0,4,0,0,327,9,0,0,0,1,6,0,0,0,0,3,2025,1,1,0,0,16,0,46,0,1,0,1,1,18,0,1,0,15,1,12,0,9,0,453,0,0,0,2006,0,0,0,11,148,1,20,121,0,0,7,0,256,1,0,0,0,8,4,0,191,13,0,0,0,0,0,7,0,507,6,0,2,2,0,5527,0,0,0,19,629,4,0,47,0,0,0,0,312,8,44,0,1,0,0,0,0,19,0,1,0,12,0,1,6,1,0,0,0,0,28,0,0
215,19,0,41,53,16,31,529,249,3,0,0,2,0,31,0,13,0,85,7,1,6,4,63,5,0,12,0,0,12,5,0,0,0,0,2,1,1,0,189,93,0,0,13,0,6,1,0,0,1,0,1,12,13,26,23,0,5,117,0,6,0,0,0,1,192,0,0,10,0,2,0,0,0,0,7,18,0,0,0,6,0,4,8169,4,6,17,0,0,1055,0,10,68,0,152,15,38,0,4,0,0,0,1017,0,25,11,0,2,2,1,219,102,0,4,191,8,64,14,4,0,21,0,57,2,16,6,7
523,58,0,35,80,0,20,0,0,15,0,0,8,24,118,0,63,7,24,0,6,13,2,14,11,0,1,0,0,49,0,8,0,5,21,13,0,0,0,27,1044,49,14,5,59,9,0,42,0,0,5,56,1,136,0,26,0,9,1123,4,12,8,0,17,36,1285,5,0,26,12,26,27,2585,0,25,26,0,8,277,7,0,0,1,7219,17,9,80,5,27,1733,67,9,1,0,162,15,0,0,0,0,0,0,43,6,5,0,0,0,66,4,0,573,0,4,73,19,0,8,13,0,1,77,17,8,95,0,21
2,11,0,0,50,6,37,3,0,0,1,6,0,0,69,0,0,107,128,16,8,0,4,19,8,40,0,0,0,128,4,0,31,0,6,0,0,13,5,0,1,0,0,7,0,5,7,14,0,0,0,0,1,65,143,8,3,0,64,0,0,0,10,69,1,0,242,8,0,2,0,1,57,9,2267,18,64,1,0,0,0,1,16,0,77,0,15,10,0,1343,0,21,233,15,924,8,1,159,14,0,0,4,61,3,1,170,18,60,2,7,15,299,245,2,72,0,133,0,4,0,9,0,74,11,185,5,0
5,0,0,78,34,2,29,11,2,12,7,120,4,7,12,0,0,0,1,4,0,0,3,116,24,46,361,6,1,28,5,22,23,1,0,24,12,0,22,0,27,9,226,0,15,8,24,4,0,22,3,0,19,4148,0,11,0,0,37,5,0,100,1,15,40,310,2,1,37,1,4,0,2,3,62,5,24,0,55,0,19,14,1,0,0,1,150,4,2,475,26,103,81,0,393,7,28,1,0,0,0,1,408,11,3,11,12,0,185,16,2,190,38,6,2,8,10,12,1,9,74,13,33,4,73,4,1
0,0,0,46,39,1,73,3,2,3,0,0,6,1,0,0,0,0,30,0,0,0,0,0,52,0,73,0,235,30,1,72,0,1,1,19,0,67,5,0,28,188,0,7,2,14,0,64,14,20,5,204,0,3726,1,14,4,0,3,0,0,36,0,733,9,0,826,0,1,6,0,1,105,23,6211,12,11,0,9,0,0,0,369,0,10,0,73,326,0,1620,12,2,9,6,35,2,0,32,0,0,0,33,20,4,1,32,1,0,0,35,16,17,134,64,38,13,31,0,0,2,0,4,21,0,5,1,0
19,42,0,0,41,493,5,0,0,0,0,0,0,0,166,0,4,8,2,0,0,77,11,0,0,32,5,0,2,27,0,79,0,2,0,57,0,18,7,0,1,21,0,5,0,0,0,358,84,5,0,0,0,280,0,6,0,0,0,0,0,16,1,19,4,6,1529,10,85,0,1,0,5,7,3063,2,11,19,0,0,0,1,0,0,0,0,9,13,0,884,70,3,23,165,408,8,0,95,7,1,0,3,112,0,7,0,0,48,16,52,4,121,7,15,0,8,4,74,6,1,0,0,324,0,17,10,7
405,32,15,3,58,2,202,15,36,18,8,0,0,1,81,0,0,264,0,26,0,1,1,36,19,1,5348,11,0,70,19,217,0,0,51,2,10,6,4,16,0,164,96,7,2,5,10,386,0,0,4,0,44,1162,48,34,3,27,5912,0,50,76,14,210,0,867,316,1,0,0,1,0,123,1,839,1,74,1,0,3,14,0,0,191,135,24,414,4,0,1177,8,10,37,0,2267,1,14,6,5,0,16,509,56,9,106,1,74,1,3,10,1159,516,0,15,62,8,65,0,29,23,1,36,111,0,392,6,14
93,7,0,108,5,5,0,1,5,7,5,4,75,31,7,0,0,0,1124,76,43,63,10,85,11,4,19,57,0,25,3,110,9,0,22,4,0,5,0,18,1480,65,691,0,6,0,7,37,136,194,9,0,26,6629,1,40,5,7,741,0,13,22,0,42,1,90,1155,6,11,10,51,6,190,3,256,0,7,3,20,6,88,16,0,12,13,21,147,0,17,122,1,3,30,5,548,0,5,17,3,3,33,0,39,6,1,21,0,0,26,15,128,134,0,0,0,0,34,0,1,2,15,100,57,69,662,1,38
465,8,1047,124,0,35,0,0,64,0,17,1,59,15,5,16,35,0,1,83,9,172,31,1,14,0,91,0,63,25,7,0,0,0,8,0,5,3,13,86,292,0,0,0,7,0,1,1,12,4,6,373,21,5060,1,101,0,10,337,0,2,37,1,6,1,0,18,1,303,11,83,0,2,7,619,0,73,40,179,21,0,5,0,1,9,0,159,23,30,15,0,11,82,23,756,0,4,0,0,416,0,0,13,3,2,1,31,2,0,413,0,1,0,3,0,0,38,5455,1,6,117,0,281,184,243,14,0
18,14,13,121,66,10,115,10,14,0,8,1,1,0,63,3,351,0,0,0,1112,16,9,36,39,176,1,13,0,58,5,0,1,1,2,7,8,0,12,0,20,99,0,11,49,13,10,10,326,0,0,171,13,56,60,130,13,1,56,1,394,21,87,117,3,60,56,6,96,0,42,154,8,0,9,8,16,64,2,18,0,0,0,2,19,3,152,1,21,778,112,39,27,75,192,0,9,0,0,8,4,636,1481,6,9,76,96,2,3,229,0,2,0,0,198,23,107,469,1,0,7,3,87,0,1111,10,2
6,3,0,11,12,5,1,0,0,5,1,0,11,0,7,6,28,9,65,3,75,867,12,4,46,0,25,50,0,65,4,22,0,16,0,33,13,0,35,0,20,2,0,2,40,0,0,29,298,21,7,6,200,15260,4,29,0,0,281,2,0,145,67,34,6,1,79,0,1146,0,5,0,13,9,302,0,15,56,0,0,0,0,20,1,9,0,45,116,2,220,0,22,167,1,399,0,26,0,5,5,0,1,50,0,7,2,146,14,0,62,1,22,0,11,56,0,61,265,0,0,10,0,212,0,21,11,0
167,37,0,108,0,22,30,3,88,261,0,9,63,93,242,2,0,7,5,139,14,148,2,7,59,3,3258,0,0,75,6,18,0,32,15,0,3,0,52,43,380,0,40,0,679,0,13,8,312,493,6,1,67,10627,111,3,8,17,549,20,0,379,0,186,428,16,34,6,73,19,102,20,868,0,197,0,28,0,15,107,6,12,1,3,4,8,18,0,20,5,0,9,70,20,139,0,4,0,0,22,0,11,6,5,16,99,14,1,0,14,1,22,470,1,0,0,4,28,0,13,33,0,19,36,2721,2,8
198,53,0,29,11,24,204,1,0,0,4,45,5,2,169,0,0,256,1,0,0,0,0,38,17,11,572,17,0,4,3,6,528,1,1,0,9,5,7,15,17,0,0,0,0,2,0,7,3,12,5,0,9,659,0,21,1,9,68,0,0,34,0,618,25,112,34,0,0,0,10,0,11,40,28,6,11,0,6,6,19,13,2,83,67,5,75,35,3,408,1,2,0,0,3423,0,0,3,0,0,1,6,2,2,14,8,0,0,0,12,376,422,1,5,65,0,0,0,4,31,0,1,29,1,10,0,0
280,3,0,17,470,0,36,282,34,0,0,0,0,8,0,3,7,9,1,0,44,3,0,0,2,12,421,0,67,7,8,237,0,0,23,16,6,74,2,0,2,5,66,35,0,33,0,24,0,0,4,5,19,6224,0,18,0,12,2874,0,94,300,0,85,1,306,144,0,18,0,0,899,30,29,1783,16,35,7,0,8,0,0,14,15,0,8,60,13,0,25856,1,14,31,10,1404,2,7,0,9,1,0,1,618,0,37,0,1,28,11,8,29,18,0,10,0,33,186,0,4,5,3,0,51,0,710,8,11
212,87,132,0,53,17,0,2,0,12,0,0,0,0,593,3,25,19,3,14,2,0,0,1,1,0,18,0,6,0,0,85,4,1,6,0,1,2,0,183,18,45,25,9,6,5,0,21,0,64,7,410,0,7916,10,3,25,13,710,0,7,663,22,10,1,30,133,12,0,0,7,3,1161,59,18,29,0,1,24,2,28,1,52,1,0,1,15,52,6,3233,2,0,0,0,1801,0,0,0,0,0,65,4,1,8,42,0,48,0,2,4,4,254,372,28,138,13,0,0,5,0,13,16,0,24,84,0,18
12,44,0,4,102,0,10,3,13,11,0,1,0,0,48,2,0,0,38,42,8,9,0,0,0,10,140,0,24,0,0,48,20,0,0,0,0,22,0,3,7,0,0,14,38,15,0,53,1,3,0,0,0,258,11,4,7,1,0,0,0,111,0,3,3,0,0,0,48,4,2,0,933,4,100,15,2,26,0,0,0,1,1,15,0,0,1,0,0,3799,0,0,7,0,1363,0,0,1,0,1,0,0,102,1,3,0,0,0,4,0,0,69,7,6,0,10,0,2726,2,3,0,0,2,2,29,0,3
898,7,0,35,12,5,25,3,83,0,1,62,81,35,36,0,8,0,128,0,5,457,11,266,39,1,100,100,0,185,3,0,0,78,0,0,21,0,61,0,811,1,51,3,8,1,8,5,3,620,0,0,100,8,8,40,5,17,716,1,384,9,5,11,6,164,0,0,1279,0,18,101,11,0,68,1,52,0,52,52,0,26,132,8,47,20,127,2,9,296,6,64,543,42,3,1,16,0,10,10,49,28,8,1,3,37,66,38,11,0,74,333,0,6,17,0,733,0,28,1,20,8,248,7,324,13,0
1,13,0,14,41,79,43,4,912,99,0,2,26,20,36,0,1,33,1,13,12,0,6,2,4,0,0,19,28,94,1,33,4,0,1,30,2,38,0,26,304,4,57,0,105,12,0,292,0,0,17,2,1,15929,0,9,3,0,96,0,0,4,2,9,0,204,16,2,0,22,37,0,14,42,287,11,8,2,38,10,24,3,1,0,10,4,11,7,8,967,2,2,12,1,614,3,0,4,0,0,5,3,84,0,4,7,0,0,7,5,5,6,0,4,0,5,0,4544,0,0,12,13,66,3,287,6,12
0,9,0,1,106,22,11,0,20,3,0,4,1,0,56,0,0,12,0,5,85,0,5,56,0,0,0,11,8,47,2,3,1,2,9,0,0,2,0,0,7,4,65,18,3,5,7,89,272,9,0,3,0,117,14,19,40,0,9,7,0,8,2,653,94,0,2,3,0,3,7,9,56,2,27,16,22,0,0,0,0,8,15,3,0,7,41,0,0,5818,0,10,61,159,22,6,1,0,9,11,0,2,105,0,0,7,1,22,6,26,0,571,0,5,0,9,116,0,0,0,2,0,131,0,187,7,11
47,26,25,6,3,1,13,30,91,0,0,0,7,8,101,0,3,0,21,2,172,7,6,0,2,0,7,0,24,26,0,102,0,0,0,0,10,62,0,2,152,22,0,0,5,0,0,86,0,0,2,309,0,1040,0,9,0,0,7,0,19,57,0,152,9,1,129,4,18,0,19,135,137,21,57,0,5,0,15,0,0,0,0,30,10,0,16,13,1,138,0,2,62,0,12,0,0,0,1,2,0,0,11,7,0,1,0,15,0,42,0,60,0,5,17,0,207,32,1,2,1,0,9,1,21,0,7
1,20,0,2,54,2,0,1,21,0,0,13,55,0,77,40,43,0,0,6,75,104,11,0,0,0,1,0,8,0,2,0,0,6,8,5,0,1,0,0,374,0,0,7,21,7,0,0,69,65,3,1,3,1449,1,5,4,0,27,0,0,29,0,175,4,0,1874,9,21,1,9,5,0,0,34,8,39,1,5,1,0,32,3,30,0,0,0,0,9,2253,0,0,8,15,96,0,0,32,3,13,1,2,19,2,7,55,0,11,3,1,0,165,7,0,19,1,43,13,5,0,0,13,87,0,73,8,9
10,248,1,14,63,0,78,0,13,2,0,26,0,27,3096,0,0,62,1,5,1,0,0,0,0,2,15,34,5,6,3,3,0,0,22,0,38,24,19,3,19,45,699,8,19,3,0,38,0,2,2,16,2,617,0,10,3,1,141,1,0,25,0,1,15,338,86,23,1,0,0,31,918,60,863,8,18,0,0,0,19,23,4,87,4,1,85,9,0,2054,3,10,1,5,50,5,0,6,7,5,4,2,18,1,8,0,46,20,0,0,0,19,114,9,0,15,78,0,1,0,1,40,24,9,229,1,10
16,1,2,22,4,45,0,1,0,0,9,0,1,0,16,0,19,0,1,0,0,0,18,128,0,0,118,18,1,29,25,0,0,153,4,3,46,2,9,0,31,0,89,0,0,2,11,13,16,0,0,4,100,270,2,37,0,0,3,71,1,73,0,564,846,73,285,9,11,0,0,4,0,5,85,0,213,0,0,0,18,0,475,6,1,5,170,1,6,184,15,79,913,924,6,0,11,10,51,28,36,2,6,0,128,0,25,133,16,27,0,70,0,0,52,0,2443,9,0,3,38,0,781,1,5,41,7
330,7,0,8,165,93,158,0,127,1,0,0,0,0,15,0,3,95,2,0,0,34,0,38,0,0,6,4,18,56,0,11,0,1,1,51,0,99,13,80,0,187,27,20,1,21,4,739,0,0,1,7,1,84,4,6,8,6,46,0,13,34,0,94,8,60,1120,0,8,0,0,0,107,18,300,10,0,0,5,0,0,0,13,2,8,7,10,23,0,5542,16,24,0,1,7679,5,0,1,0,0,1,1,695,4,0,0,0,0,4,0,82,9145,1374,32,0,27,13,0,9,0,0,91,28,0,0,0,35
75,0,0,24,148,0,5,0,12,15,6,3,1,2,24,4,7,0,6,17,0,9,0,90,4,6,97,0,0,0,0,12,0,77,2,6,0,0,1,0,37,0,19,20,8,13,0,0,72,1331,0,0,39,471,0,61,13,7,807,14,49,64,51,32,36,0,135,12,0,6,13,0,0,0,597,17,0,0,0,4,1,23,19,15,0,30,54,0,2,5414,5,13,6,2,37,0,0,102,0,5,0,10,1332,1,30,11,0,1,0,31,0,37,4,0,25,20,0,0,1,8,6,12,17,7,17,1,0
0,19,0,6,95,0,35,0,1242,1,0,0,3,12,120,0,0,4,9,1,228,20,7,5,46,0,1,0,0,80,0,22,0,9,2,125,0,1,0,0,66,36,0,19,35,8,3,92,336,14,1,15,0,1541,0,5,26,0,199,5,0,8,0,60,19,0,275,1,6,0,6,0,0,0,128,14,2,0,0,0,0,0,0,1,17,3,17,0,0,4089,0,7,0,49,4266,25,0,5,4,20,0,0,14,3,0,1,4,0,0,29,0,8,1,0,0,18,19,54,1,0,3,0,247,0,193,8,19
12,19,4,15,9,0,27,33,6,41,0,0,3,0,184,1,61,0,32,1,0,2,6,0,12,18,35,217,0,201,0,8,27,4,0,84,0,0,0,97,16,717,242,1,77,0,0,0,12,5,3,328,34,2002,2,11,0,1,24,2,0,15,4,178,13,39,112,13,1,19,10,1,3,0,1138,0,5,0,10,0,2,0,1,824,11,0,77,0,1,111,55,2,70,23,319,0,0,1,22,0,1504,311,241,6,14,0,2,16,0,13,3,162,0,0,0,0,96,371,1,0,0,195,332,3,34,15,0
219,49,7,0,70,26,63,0,9,0,0,4,0,1,138,4,8,2,3,1,1,0,1,209,1,1,7,0,0,34,0,46,36,1,0,4,0,11,0,4,37,0,0,4,0,0,7,119,0,139,0,5,46,5,3,8,0,9,228,0,3,0,2,8,6,67,30,1,0,0,2,37,83,0,73,11,10,0,0,4,1,37,24,11,85,5,0,5,0,3114,0,17,20,1,238,16,12,16,2,0,3,0,29,6,0,3,1,0,0,0,1,2837,0,8,545,7,21,89,38,1,0,0,77,0,18,5,6
0,23,9,18,129,0,20,0,59,0,0,12,4,0,70,0,5,0,79,0,1,0,0,0,1,0,112,0,1,26,0,2,0,1,0,20,0,0,7,0,3,15,0,28,0,12,0,13,0,132,1,2,8,346,0,13,0,0,7,0,0,31,0,10,1,11,60,17,1,0,0,112,46,0,138,12,0,0,14,0,0,5,0,2,0,0,97,0,0,9907,0,1,7,2,93,36,0,2,1,0,0,0,33,0,3,1,0,8,0,54,0,53,0,1,0,17,5,2,1,1,0,0,61,7,4,0,5
26,175,0,0,17,0,44,8,0,0,0,7,14,1,473,5,9,0,1,1,19,0,3,0,0,0,1,0,10,36,6,75,0,21,0,3,0,8,0,12,234,36,0,4,0,0,1,49,170,18,0,0,2,1443,0,0,0,0,4,2,1,36,0,531,6,70,146,5,1,2,5,20,868,2,3786,0,38,0,0,0,5,1,25,1,6,0,15,1,3,317,10,0,10,7,991,3,0,6,6,0,0,16,10,0,242,0,0,21,4,0,6,34,18,6,1420,0,25,21,2,0,0,0,39,0,1,1,6
0,63,0,6,89,143,13,0,300,0,1,0,0,0,416,1,72,1,7,0,6,0,0,0,0,0,0,0,20,0,4,55,16,38,15,14,0,19,0,1,2,4,0,17,0,8,0,19,0,1,1,55,5,36,16,29,0,0,420,4,12,0,0,0,35,0,922,1,0,3,0,12,0,12,155,9,11,21,2,0,27,0,16,5,0,0,125,3,0,5158,0,0,13,96,5,17,0,2,1,14,280,1,9,24,10,0,24,0,24,7,16,19,0,5,0,16,42,23,2,0,0,0,53,13,2,3,0
68,3,32,135,0,16,73,7,0,33,5,0,7,15,35,0,24,2,2406,4,0,4,2,594,16,3,0,43,0,40,6,0,12,1,23,14,22,1,19,18,29,0,33,0,1,0,11,1,0,0,6,0,12,2670,28,0,23,7,580,2,6,1,203,0,21,33,30,6,13,2,5,3,0,0,338,0,35,0,69,27,9,0,206,0,0,23,40,0,5,15,8,0,4,5,37,6,0,0,0,13,0,0,0,0,33,83,66,0,16,17,12,587,0,1,148,0,13,0,12,0,114,10,16,14,728,5,61
0,5,5,8,11,0,4,0,0,0,8,0,1,27,109,0,37,0,26,0,0,0,0,35,0,5,2,0,0,90,2,8,57,233,0,5,2,0,13,0,1,63,1,2,0,0,4,5,0,841,2,0,0,683,0,110,0,0,31,16,5,19,54,394,69,5,12,8,0,5,1,1,23,1,154,0,27,14,0,2,0,0,11,53,56,0,103,0,0,361,4,49,9,3,592,3,5,2,0,1,264,0,3,18,34,22,12,2,15,82,0,155,98,4,21,0,47,0,43,0,2,61,45,0,0,1,1
191,38,0,248,0,125,126,0,7,0,3,13,18,169,192,0,4,0,1,0,0,544,19,122,2,22,192,39,1,7,7,8,144,0,2,83,34,29,78,85,39,0,11,0,4,1,5,19,10,132,0,0,81,332,49,29,28,10,70,0,558,23,5,180,2,45,1033,1,45,8,3,82,99,13,12665,0,70,49,4,6,0,17,334,0,22,15,71,88,4,24,1,21,163,7,3618,20,0,14,27,0,18,3242,9,0,105,6,15,168,101,5,0,170,207,35,16,0,129,0,0,4,13,0,1107,6,157,53,1
82,3,0,10,148,0,160,0,17,0,0,1,0,0,29,1,0,0,1,1,0,0,8,11,3,10,4,0,2,14,4,0,0,11,7,3,0,0,4,0,4,5,0,17,0,33,4,10,0,46,1,2,14,109,0,13,20,2,274,1,0,31,0,73,4,0,14,0,23,0,0,3,4,0,31,26,59,1,0,1,0,3,1,8809,0,1,20,1,0,9034,0,24,28,1,76,15,2,4,22,0,0,1,65,1,7,33,0,140,1,39,14,2745,505,2,0,26,181,2,0,0,1,0,94,0,76,3,0
2,9,1,0,671,188,13,6,0,0,0,3,0,0,10,1,0,1,1,0,421,0,0,10,0,0,127,0,4,4,0,25,1,0,0,0,1,0,0,77,0,2,9,59,0,46,6,23,11,1,2,1,0,264,0,3,14,0,19,0,3,90,0,36,6,0,116,1,0,0,0,0,25,1,64,51,0,1,0,0,0,4,7,1,0,4,18,0,0,35265,0,0,0,0,144,1,0,7,0,0,0,1207,11,10,28,0,0,0,0,2,0,174,0,0,0,51,0,7,11,0,0,15,2,0,0,0,3
575,114,0,64,6,10,11,0,0,40,17,16,2,0,1507,1,10,1,1,1,4,10,0,46,8,1,70,0,4,49,5,2,41,0,0,0,46,18,24,0,52,2,28,0,16,0,0,8,480,141,4,1,0,736,8,23,19,21,20,0,0,86,23,366,1,3,92,6,138,0,4,0,0,9,186,0,10,1,14,2,62,20,65,16,0,2,947,156,9,133,13,55,28,0,2491,1,0,30,0,0,22,5737,33,1,29,2,5,0,16,26,4,243,379,69,20,0,1,2,2,1,15,55,0,2,16,0,20
0,18,5,2,57,6,1,2,17,9,0,0,0,7,212,0,18,0,25,39,0,0,0,211,3,0,1,0,8,4,4,186,1,116,0,38,0,26,16,0,12,39,20,11,2,2,9,114,1,42,3,49,28,3485,64,12,31,0,394,23,29,190,72,68,29,26,1666,20,0,5,0,0,4782,10,88,23,16,24,0,0,1,0,0,0,1,29,48,0,0,3424,13,8,5,13,966,13,1,0,0,0,0,0,7,8,183,0,36,4,2,37,80,2389,2984,7,0,18,1,22,7,1,33,0,7,0,43,0,4
0,18,6,17,276,166,7,3,0,66,1,23,27,38,151,0,0,11,0,75,0,1,11,2,12,11,1,0,0,0,15,19,191,19,0,0,6,0,2,0,116,14,370,35,77,16,0,5,3,8,0,1,46,5,9,31,1,0,4,0,0,0,14,10,3,1555,20,6,14,7,26,5,15,3,38,22,166,107,0,0,25,4,7,0,0,0,27,0,1,11073,0,18,331,0,5565,0,10,1,22,0,46,8,193,1,7,1,9,120,7,12,0,631,16,0,93,24,97,32,0,0,108,7,60,0,258,5,5
3,47,0,3,14,0,22,0,4,0,1,8,55,4,180,0,18,0,1,0,1,22,16,8,40,0,230,40,2,75,2,83,0,0,2,0,3,0,1,243,506,3,0,4,0,0,10,6,39,45,3,13,8,554,0,0,0,0,769,0,3,33,0,7,3,20,40,0,40,0,13,0,5,0,67,0,62,0,3,0,0,16,2,6,8,7,18,0,8,146,0,0,24,43,259,2,0,15,3,0,0,107,870,6,7,17,5,49,0,43,36,100,1,1,34,0,30,1,17,3,30,8,61,0,124,8,0
135,79,113,104,11,0,30,0,0,22,24,7,4,6,563,0,0,12,51,46,2,32,14,131,1,24,8,0,4,41,3,2,31,12,1,10,1,3,39,0,25,18,3,3,48,0,2,1,0,94,10,9,4,8700,30,58,3,8,81,4,0,138,15,355,10,377,145,17,39,4,20,1,74,22,207,6,23,46,0,5,5,17,1,1,2,8,578,186,8,335,0,35,68,1,604,3,0,1,1,4,17,0,10,0,94,76,17,0,0,147,5,1,1223,26,30,0,3,43,3,5,47,19,93,12,338,3,4
11,23,0,4,95,105,340,6,2113,0,5,0,6,1,255,8,7,2,1,7,1,11,0,284,2,0,7,0,29,35,6,63,2,0,1,3,0,18,72,1,26,12,0,13,1,10,9,68,11,0,2,20,13,805,0,0,0,0,84,0,179,96,33,11,2,17,450,2,21,0,1,25,1039,4,776,5,20,0,0,16,0,0,346,1,18,14,6,11,1,2722,0,53,22,1,627,0,5,0,1,0,29,4,591,4,836,19,234,0,0,3,54,228,1378,2,142,17,8,0,0,0,13,0,49,0,63,5,1
165,108,1887,122,0,8,174,44,7,0,0,6,0,58,95,0,10,0,3,17,0,195,5,336,1,6,57,270,3,62,1,7,0,4,6,108,3,2,9,794,0,0,14,0,3,0,6,0,0,5,3,191,52,3038,3,35,23,6,11,1,63,64,3,672,108,1,46,2,22,0,0,46,191,6,6,0,10,0,15,0,0,13,1497,3,57,26,24,0,0,7,0,18,47,17,65,5,3,0,4,1,0,0,52,0,26,1,9,4,0,1,119,129,1,0,0,0,169,20,0,11,27,25,349,20,20,30,3
15,29,27,27,1,17,0,58,130,0,3,17,0,8,210,4,3,0,0,27,0,2,1,0,0,5,15,0,9,1,0,6,12,1,0,0,1,3,1,21,0,0,0,0,0,0,0,34,30,106,2,4,3,336,135,91,15,1,24,1,7,20,9,2,3,0,607,59,1,11,1,0,17,5,4091,0,0,14,0,6,0,34,0,1,0,0,104,0,0,51,0,21,66,2,351,0,29,9,3,1,0,0,5,4,365,4,8,2,0,26,5,332,5,1,0,0,19,1,1,0,26,0,134,33,50,3,4
33,12,41,28,462,57,13,28,0,0,1,4,7,5,34,0,11,0,0,8,13,8,2,127,0,0,207,8,62,6,3,254,0,4,0,0,6,1,25,3,59,0,0,32,12,40,8,0,34,11,0,186,5,6,1,0,0,2,56,1,13,97,0,1,19,51,1,0,40,7,17,17,14,12,13,36,16,14,0,6,3,8,29,23598,7,16,8,26,5,17617,0,0,12,36,39,2,0,1,1,2,0,0,2393,2,37,0,11,0,0,10,80,7,154,4,8,31,16,35,1,1,72,15,32,1,47,6,4
25,236,13,5,10,32,124,4,4,1,12,1,1,2,388,2,0,0,2,0,145,2,3,360,0,32,136,0,35,125,2,2,2,0,0,25,5,224,5,0,5,3,0,0,3,8,8,99,20,0,0,0,7,16,26,9,0,2,2,0,5,47,18,8,1,31,785,6,3,3,0,79,96,27,890,0,49,0,0,0,0,2,0,1,0,2,175,148,0,91,3,11,67,17,85,24,0,43,13,0,0,16,94,0,23,0,0,16,0,24,24,4650,25,53,287,0,147,0,0,6,44,8,209,0,9,15,15
384,33,94,86,7,14,21,2,347,6,7,4,27,10,177,11,14,0,7,0,0,434,0,27,16,5,14,25,4,83,13,2,7,56,4,8,0,42,19,255,345,141,0,0,43,0,6,18,453,13,1,10,11,519,119,23,23,14,325,43,127,14,11,52,480,43,72,5,173,8,17,24,298,6,1518,0,64,6,50,14,32,6,1022,1,64,3,86,13,10,182,5,6,2,28,7,0,5,1,0,14,326,0,9,8,19,3,54,0,8,11,59,20,5,2,0,4,26,0,0,0,46,44,13,13,198,0,2
0,3,42,0,3,0,3,1,128,39,29,5,0,1,12,2,0,0,1,9,0,29,1,12,22,19,274,0,2,0,2,2,24,2,0,0,59,0,1,0,5,16,34,0,62,3,10,5,176,2,0,0,0,1,4,6,0,0,10,3,21,1,7,0,30,208,1,0,67,1,2,21,26,2,53,18,17,23,3,0,112,0,16,372,8,2,1042,17,0,149,46,0,23,13,0,11,1,11,1,1,396,3,8,0,5,0,51,3,15,73,0,825,0,8,0,13,279,0,0,3,3,0,71,14,19,2,0
27,28,1,0,42,1,42,0,138,17,0,6,5,2,74,0,0,28,24,0,0,12,0,5,0,0,57,5,34,23,0,27,13,0,15,16,6,16,47,0,23,0,0,7,40,10,2,17,202,2,0,11,0,70,7,0,2,4,41,0,0,46,17,7,1,0,746,0,81,0,9,124,329,46,43,11,0,1,15,7,4,18,45,15,0,0,7,11,3,1476,0,2,0,0,307,0,0,12,0,0,0,27,35,0,3,0,21,0,0,1,1,194,7,8,0,5,0,16,11,5,10,10,4,0,461,0,31
41,11,28,0,20,16,0,0,6,15,0,2,49,3,33,2,56,0,3,211,1,91,16,24,0,7,0,10,0,8,0,57,19,5,18,2,0,0,0,16,1427,34,7,0,122,7,0,0,3,4,3,20,20,1313,194,0,1,5,187,4,2,0,18,0,9,37,12,6,58,4,76,3,0,0,21,8,7,21,27,51,11,2,71,50,0,1,3,0,23,471,0,0,72,0,63,0,0,0,5,1,0,0,49,2,25,28,12,7,0,1,63,96,0,0,4,11,43,25,3,0,20,0,43,28,2198,2,17
2397,42,24,23,11,27,11,7,0,6,0,7,31,1,66,1,86,0,9,7,2,114,6,164,0,239,97,25,0,0,0,96,1078,0,29,10,15,11,6,0,212,0,12,0,5,0,5,3,22,55,0,24,53,247,2,4,0,38,552,0,1,71,2,17,1,158,1138,1,19,10,20,6,1,7,17,0,0,19,13,30,67,9,3,147,19,17,1,1,20,101,2,1,11,5,489,5,0,0,3,0,146,1,17,15,51,118,105,1,184,5,0,309,0,3,0,0,40,0,2,0,69,0,49,70,3538,1,13
217,27,0,120,82,2,74,0,37,0,0,0,0,5,44,5,0,0,1,11,39,1,2,208,0,42,1626,5,2,107,0,3,12,0,0,3,11,0,6,0,0,0,6,15,8,14,7,13,0,0,0,43,14,430,0,19,0,10,3,0,38,34,0,106,1,69,152,1,40,20,1,11,208,0,35,10,8,8,9,14,15,0,0,2,3,4,23,0,0,3215,4,0,4,3,1640,21,0,1,5,8,0,194,54,2,18,4,0,5,37,6,3,224,0,0,8,9,99,16,0,15,0,4,75,0,15,6,0
0,96,0,0,10,14,1,0,32,0,0,29,0,0,887,2,0,1,94,7,0,0,4,5,0,17,2,6,20,22,3,48,0,199,0,0,2,8,6,0,0,4,0,0,2,0,1,6,51,1088,0,36,0,75,0,11,0,0,0,20,0,24,0,1,63,0,13,5,100,0,0,0,0,10,129,5,52,5,0,0,0,30,1,204,0,0,5,0,0,137,0,9,191,0,198,0,4,0,4,1,0,0,117,25,14,1,0,48,2,59,0,3215,33,1,0,0,131,266,2,0,0,51,2,0,54,0,9
0,0,5,0,134,6,1,13,4031,1,0,1,1,1,6,1,0,23,1,0,0,0,0,15,22,0,2695,22,4,13,4,53,463,35,29,0,29,21,9,2,2,17,259,20,0,26,7,18,1,20,0,0,3,17,32,0,18,0,1750,17,34,17,60,66,371,63,2,5,20,0,0,0,0,0,28,36,34,0,14,0,0,0,6,1,71,3,25,4,0,3740,0,2,14,87,55,0,4,1,6,0,112,132,291,5,93,0,226,12,0,0,0,1,89,5,0,16,37,0,0,14,0,61,32,0,831,8,0
108,28,1196,10,27,0,40,2,0,0,0,21,0,0,111,1,0,0,1,0,0,0,0,13,0,8,6,0,0,2,0,0,22,74,2,1,1,0,0,750,2,12,9,5,1,0,0,34,0,795,2,0,0,286,1,16,2,3,0,3,1,1,4,1848,9,6,201,0,0,0,0,33,45,12,8,14,0,0,0,0,0,20,0,3,10,2,5,0,0,1196,4,6,0,0,156,8,1,7,2,0,0,3,4,2,0,2,0,1,4,1,9,32,5,2,0,6,0,0,13,0,4,72,4,5,21,0,3
34,11,21,0,24,6,8,19,159,6,5,7,11,0,61,0,2,0,3,0,0,9,1,3,43,0,556,0,20,10,0,90,0,0,4,77,0,0,8,0,75,12,0,1,6,0,10,0,1,17,2,2,0,189,0,5,0,1,13,0,0,206,0,33,1,0,2331,13,0,0,7,0,2,0,3194,7,11,0,12,0,0,5,0,42,0,0,46,0,7,369,0,18,6,18,44,0,2,0,12,0,58,0,70,6,142,0,19,5,0,42,0,1137,339,0,0,8,27,25,5,14,2,1,240,0,3,10,3
37,13,42,33,31,83,0,0,21,0,6,0,5,3,140,0,4,0,0,10,0,15,3,16,19,4,17,17,39,0,0,4,19,1,0,0,17,60,11,0,42,1,21,8,41,0,0,33,1,0,6,31,10,3721,32,28,0,2,5,0,0,76,0,5,11,10,59,5,0,9,25,1,4,41,267,4,7,54,33,2,64,0,1,11,0,0,52,68,9,1407,51,0,7,1,18,0,0,0,0,0,0,1,20,1,3,44,12,2,65,84,116,317,11,7,103,11,20,0,3,0,12,25,18,29,0,1,1
198,62,1,15,18,0,67,42,67,0,2,2,3,4,322,0,2,0,1,4,1,0,8,42,13,0,72,0,0,12,3,76,0,0,6,2,0,0,11,157,48,0,0,3,16,14,0,6,115,1,7,0,89,12643,7,0,14,10,588,0,9,164,33,0,3,107,10,0,0,0,8,2,0,0,8,8,36,0,0,35,0,1,101,11,0,12,6,2,4,420,3,18,95,10,925,0,5,1,15,0,0,2,17,1,10,8,43,29,15,0,60,335,8,0,57,4,47,136,1,10,7,212,81,0,39,8,4
285,34,302,293,14,32,66,153,1,0,0,3,12,41,230,0,123,0,52,5,2,1148,4,2,1,48,315,58,5,10,1,7,31,0,9,6,7,10,75,245,99,43,18,6,34,0,0,14,373,27,0,1436,64,817,3,20,38,16,194,0,11,263,1,3,2,22,2,2,401,0,11,18,1737,23,62,4,11,3,10,40,0,8,4,4,0,0,30,7,3,421,19,40,36,24,1649,16,16,6,4,10,0,15,341,0,14,6,8,42,29,2,0,1599,26,19,2,9,89,1,0,4,0,11,40,0,234,3,1
4055,0,223,88,5,11,7,0,3,6,0,44,29,9,0,4,131,0,2,0,0,211,0,0,54,0,6,19,3,11,1,18,0,11,35,48,0,0,4,52,1235,154,94,2,40,0,0,11,6,54,6,55,3,1542,0,239,6,96,649,39,241,3,0,1981,701,135,1908,0,72,28,36,0,0,0,186,0,14,197,14,43,2,25,142,1,0,3,4,0,23,117,0,12,3,0,25,0,0,0,0,0,184,0,5,42,57,95,0,1,0,62,2,2154,110,0,80,0,42,0,2,0,2,667,23,11,815,0,6
0,17,0,0,84,162,21,78,58,7,0,0,0,10,33,2,0,205,137,0,2,0,0,50,2,7,3,0,1,17,5,177,1,6,0,12,0,31,0,76,0,80,70,9,1,12,3,15,0,5,0,0,7,25,0,0,0,0,169,24,7,2,0,2,768,281,49,0,0,0,0,1,4,4,17,15,69,0,0,0,0,0,0,52,0,2,15,0,0,1624,60,10,29,60,5496,1,0,77,7,0,1,144,272,19,0,0,2,9,28,0,16,669,50,0,0,23,66,0,1,0,9,17,99,0,32,8,5
7,15,0,32,0,116,74,0,3,16,9,0,66,60,54,6,0,59,220,0,0,37,53,205,34,4,7,3,0,232,2,0,0,1,95,1,39,0,70,55,659,0,0,0,206,0,16,0,7,1,7,6,43,273,1,16,4,2,4216,2,2,9,17,0,130,5,30,0,16,3,97,303,6,3,127,0,92,2,57,23,0,1,887,1,18,24,90,4,31,1,0,5,169,3,55,0,0,0,2,36,1,6,2,1,7,0,3,129,0,160,0,3285,9,4,0,0,532,472,4,0,199,87,64,6,3924,4,5
52,9,54,15,226,0,94,1,3269,145,5,1,0,3,87,3,0,17,64,3,0,0,0,1,1,7,458,1,30,0,6,5,1,0,0,8,7,246,7,0,0,4,25,29,5,20,0,5,0,0,3,4,4,869,0,22,0,5,5,0,0,111,0,166,1,28,858,12,0,7,1,0,1,35,1823,15,37,6,0,0,33,3,376,1,0,0,135,3,0,5458,0,13,14,22,288,0,2,5,1,0,6,260,6097,16,7,0,20,0,0,25,18,208,924,3,5,24,32,1,0,13,0,118,80,0,5,4,19
33,18,0,5,46,1,2,12,5,1,6,1,1,0,65,6,10,0,2,3,0,0,0,32,2,8,286,0,7,14,0,10,734,1,0,1,4,0,10,0,0,0,0,4,0,4,9,0,33,33,7,3,4,2019,16,9,0,5,16,1,0,71,0,15,47,0,24,2,2,0,0,0,0,1,42,12,0,1,0,0,1,3,3,22,3,0,34,10,0,623,0,16,18,1,2046,0,4,10,0,0,0,77,566,2,6,2,33,0,0,16,0,13,1,2,0,6,0,2,0,1,3,7,5,0,20,0,0
4,22,19,40,255,0,19,0,188,2,3,14,5,11,72,0,0,0,1,0,49,38,0,0,4,13,1533,70,10,8,0,9,94,31,0,15,7,36,22,0,20,2,49,33,0,14,0,140,389,14,0,0,36,571,88,16,27,0,310,1,4,308,30,87,7,5,1560,3,0,0,0,201,556,46,49,30,0,0,0,0,1,3,0,2,4,0,0,60,0,8609,0,16,4,1,378,9,54,63,1,1,0,0,923,1,305,7,43,0,0,0,4,114,2,34,0,20,0,10,0,34,19,0,4,0,150,0,30
20,100,0,0,344,0,0,0,0,24,0,31,0,1,226,4,22,0,68,4,44,0,0,6,0,0,14,0,14,0,2,13,0,12,16,0,0,1,4,68,58,210,0,33,14,30,0,0,0,315,4,0,1,825,2,2,3,1,37,4,110,97,14,1,19,49,82,0,7,0,2,65,2,0,0,38,9,3,0,0,0,30,5,3,0,2,0,4,0,15610,2,0,0,7,18,0,0,0,0,0,9,0,87,0,28,0,0,2,0,1,0,13,6,3,37,44,6,0,1,2,0,25,5,0,42,0,8
805,23,75,175,82,31,46,31,706,8,1,125,75,43,195,0,1,215,4,8,0,9,0,204,59,31,6,66,0,2,9,22,0,1,89,2,3,14,29,0,144,11,100,11,15,4,0,10,0,155,7,14,16,1285,19,23,9,27,8071,0,4,48,121,1098,2,156,68,26,6,14,6,286,459,2,19,11,64,53,6,73,38,73,0,1,0,13,30,0,9,892,48,11,110,12,615,5,8,1,2,13,191,1,1032,8,8,88,108,9,112,1,151,2466,138,2,245,6,33,0,21,1,16,68,23,31,2054,10,0
18,109,2,49,101,204,17,0,354,4,0,0,12,17,517,1,0,0,5,3,25,3,0,4,1,24,106,0,90,10,1,26,0,0,0,40,2,36,24,0,95,11,0,8,8,12,13,9,0,0,7,3,6,366,23,16,17,0,29,0,23,113,15,8,24,1211,358,0,12,0,4,69,33,37,190,33,18,13,0,0,0,0,8,30,7,0,54,130,2,3095,0,7,18,4,2397,17,2,0,1,0,1,3,345,0,52,33,11,0,0,3,2,89,57,22,632,26,24,0,1,3,1,0,75,0,5,5,4
96,24,0,9,113,39,37,81,0,0,0,12,22,2,122,0,1,0,5111,0,29,15,0,13,15,2,1,0,1,7,4,4,0,0,5,2,0,0,5,1,464,0,3,9,193,16,0,8,164,1,0,16,8,7,0,0,2,1,674,0,2,10,0,27,1,15,10,0,90,0,3,2,304,0,68,11,11,0,1,0,0,3,2,843,0,6,0,0,1,3457,0,0,26,1,407,6,0,0,2,0,0,0,53,0,6,9,4,0,0,0,0,2232,66,0,9,13,17,0,4,0,23,0,35,0,524,6,5
50,68,0,13,0,981,10,15,1,0,0,0,10,82,179,0,33,0,2,0,101,16,2,19,7,56,58,36,4,0,0,14,52,20,1,22,0,35,4,13,284,0,303,0,5,0,0,2,47,0,0,26,6,141,7,7,0,5,49,81,0,173,0,130,3782,58,236,23,5,0,9,3,0,11,264,0,7,0,0,3,3,0,49,16,0,0,1,35,6,28,3,6,3,6,2132,3,2,9,0,12,5,0,20,0,23,0,10,0,24,0,6,2684,0,1,46,0,0,1,0,3,5,9,43,8,84,3,0
783,1,0,158,4,7,175,15,2,34,0,19,7,90,14,1,16,0,1,8,0,43,5,358,0,155,57,66,0,22,0,2,65,1,4,36,11,24,25,0,56,0,64,0,236,0,0,50,42,499,5,0,45,2457,0,98,0,16,146,0,1,46,7,50,1,66,58,6,46,11,23,0,0,26,60,0,5,15,74,0,0,6,2,0,0,23,53,4,8,89,37,66,27,0,3650,1,0,1,0,36,1182,7,7,15,8,121,0,0,25,20,1,1093,10,3,48,0,0,340,6,7,25,35,57,23,507,1,2
0,20,2720,20,253,18,133,0,31,24,0,0,8,0,43,16,1,0,0,18,670,2,8,0,2,0,11,14,0,0,0,0,0,0,0,0,4,0,0,0,43,0,0,35,60,24,0,8,65,0,1,1,0,465,0,0,0,0,0,0,0,69,0,1,2,11,0,0,9,0,61,0,34,0,52,19,0,0,0,0,8,2,677,1,0,0,7,0,10,12759,0,4,1,1,267,8,0,6,0,9,0,1,243,0,0,4,7,0,0,0,0,568,2,2,168,21,0,9,39,0,0,128,17,0,0,0,6
20,3,0,11,103,3,10,0,45,159,0,19,16,12,10,4,0,0,34,9,0,29,0,13,0,0,93,0,0,1,0,41,7,107,4,26,0,0,5,0,76,0,4,18,58,15,0,0,6,221,0,0,59,28,2,2,6,5,105,20,11,28,1,23,1937,9,689,0,5,0,31,9,0,0,36,13,5,0,1,8,21,10,2,9,0,0,0,0,6,3226,0,0,3,0,93,0,0,1,1,0,185,1,518,18,17,55,0,0,10,0,41,1188,0,0,5,11,0,0,29,1,2,0,22,0,139,1,2
0,11,0,0,409,27,81,0,0,0,0,0,2,0,133,2,21,0,2,0,0,0,0,175,4,0,12,0,2,15,14,27,404,822,0,0,4,0,41,5,40,26,11,45,12,32,5,22,0,8,0,22,0,1,0,0,0,0,19,358,29,5,41,0,14289,79,20,0,20,0,19,0,466,0,6,40,33,0,3,0,0,1,109,1,1,13,0,0,2,23962,5,3,0,0,64,51,0,1,0,0,4,0,41,0,0,0,227,0,0,0,0,189,1302,0,147,44,0,0,0,1,2,0,0,0,0,0,11
12,35,0,8,619,3,10,9,216,0,0,1,24,27,91,0,0,23,0,4,0,4,4,0,1,0,19,11,0,1,6,13,0,3,16,9,2,19,0,0,265,13,144,65,22,29,0,13,0,37,0,0,6,2,26,99,0,0,81,1,0,0,0,59,9,210,53,18,17,10,18,1,83,3,2263,51,86,86,0,0,1,9,93,3,0,0,49,1,2,26468,10,13,10,102,42,0,10,1,4,423,0,1,1026,3,9,0,0,1,0,4,0,1,10,1,47,45,67,0,1,0,0,0,48,1,1114,5,0
11,54,1,31,5,3,20,0,0,7,2,14,36,0,445,0,30,111,1,0,1,159,7,0,20,3,11,10,21,37,5,0,0,6,9,21,0,1,34,40,89,4,0,0,1,0,0,17,19,4,0,6,8,6,19,70,0,0,1511,3,0,4,17,26,13,0,416,6,64,2,12,178,7,6,83,0,80,1,0,13,0,4,9,2,23,0,47,11,10,209,14,144,70,195,11,0,36,0,7,1,63,87,3,1,17,5,22,9,0,0,0,33,79,18,0,0,15,0,0,0,0,0,159,0,126,10,7
0,84,0,52,33,274,4,0,2,7,0,1,0,6,483,0,0,39,1,2,5,0,6,21,0,0,5,0,9,30,16,29,15,882,0,24,2,66,1,193,25,7,0,11,0,10,0,91,0,14,0,15,38,55,0,122,30,0,610,82,76,13,22,193,315,0,0,3,0,12,2,671,2,106,313,5,183,22,1,2,0,0,336,5,3,0,58,73,0,813,0,185,115,16,3323,19,35,1,23,3,0,5,125,1,29,0,10,33,0,19,88,227,9,51,0,7,556,0,24,0,60,5,530,12,0,12,8
105,70,0,0,238,643,1,15,2,1,0,0,0,0,162,1,0,0,15,7,0,0,0,29,41,0,42,17,8,118,1,38,0,0,2,94,0,18,0,0,0,0,35,15,0,32,9,10,3,0,4,3,11,2074,130,21,6,5,9,0,0,30,0,49,1,17,89,2,6,0,0,0,68,1,141,40,25,7,2,0,0,0,8,563,11,1,0,2,0,7011,0,2,117,5,189,36,0,1,6,0,0,0,394,0,9,1,0,0,1,0,279,141,0,0,0,39,117,0,0,1,0,0,155,0,0,10,3
0,45,12,20,67,0,9,0,110,1,0,4,0,4,65,7,0,7,1,0,5,15,0,0,0,9,742,2,5,19,0,13,328,0,0,0,8,27,1,0,1,292,3,11,0,4,4,7,45,6,4,5,1,224,4,0,14,0,0,0,211,163,6,18,0,23,15,0,13,0,0,468,327,20,435,19,0,0,2,7,0,4,7,29,6,0,0,20,0,1405,0,0,0,0,929,0,0,0,1,0,0,1,365,5,5,6,0,4,0,0,0,154,0,1,3,14,91,259,2,42,0,28,7,0,14,0,0
27,119,0,62,86,0,12,0,516,0,0,5,6,15,1237,3,0,0,0,0,1,44,2,5,2,0,568,50,1,241,1,4,0,8,1,0,0,1,93,7,29,14,77,14,0,4,4,11,203,63,0,36,4,5,0,64,10,0,106,2,1,17,0,61,28,103,33,15,2,0,1,0,5,9,10,9,37,7,0,0,0,14,0,90,21,0,16,1,0,3376,0,22,28,38,23,0,1,0,3,11,0,87,95,36,14,0,0,18,0,2,0,61,3,6,24,29,42,0,2,3,0,1,33,0,1,2,0
19,10,8,30,74,0,20,4,209,3,0,1,6,35,92,0,0,12,1014,24,0,0,1,35,6,0,14,0,2,10,6,60,0,0,0,5,0,36,39,0,53,104,36,11,4,3,2,179,113,3,4,11,64,220,200,54,19,2,154,0,18,12,15,276,1,39,88,0,37,25,1,14,1,37,2,1,47,47,9,1,0,1,7,3,0,0,17,25,0,2437,0,31,41,3,75,0,0,1,7,20,2103,26,19,0,0,0,2,23,0,4,30,34,2382,11,283,8,20,0,0,0,0,60,29,3,8,2,5
23,19,1,26,15,0,44,7,7,4,3,0,105,37,151,0,4,190,1,2,18,52,24,163,3,16,179,40,12,56,8,3,0,0,10,111,9,12,75,18,348,20,3,8,5,0,12,36,14,0,10,8,101,2934,148,141,17,0,1922,0,11,244,24,108,2,113,454,11,0,31,42,0,0,47,579,6,46,11,13,2,7,0,0,109,21,7,134,16,16,393,4,14,38,13,2282,18,7,5,0,13,0,7,0,2,58,37,107,1,0,55,26,1007,7,12,5,0,83,23,0,10,18,35,85,18,243,2,3
0,49,0,18,221,0,21,2,174,7,4,0,0,4,94,0,38,0,1,0,8,0,3,263,5,3,41,42,13,25,1,27,409,10,1,0,15,34,8,83,1,26,6,23,8,14,6,31,91,12,6,175,11,6164,30,94,8,0,38,9,9,23,7,12,32,52,1,0,72,23,0,4,54,6,15,49,17,4,20,0,0,0,1,0,13,9,101,5,0,7019,10,7,29,6,307,2,2,0,0,8,0,816,76,26,0,0,2,7,5,20,0,2,0,3,0,35,96,36,1,4,4,11,30,0,18,2,0
0,22,0,3,26,0,21,18,8,0,5,2,1,24,85,0,12,0,5,0,0,0,8,302,8,0,117,0,35,24,0,4,0,469,0,12,19,26,9,394,14,2,18,0,0,2,22,25,0,462,0,0,25,53,0,0,0,0,138,171,3,13,0,0,1401,729,197,0,0,0,0,6,0,60,282,1,4,0,0,0,0,6,160,323,23,8,41,64,0,491,4,0,9,24,321,38,0,1,4,0,0,29,220,0,54,8,42,6,20,13,169,1030,2,72,23,9,34,0,6,1,3,0,267,0,0,14,8
497,209,0,53,717,1,91,30,2424,9,0,0,2,14,1117,0,2,0,1,0,22,0,0,1,1,0,113,0,27,14,0,11,4,0,7,147,2,93,3,0,61,29,0,69,31,55,3,63,0,1,2,505,16,363,1,18,3,4,0,0,0,76,0,0,0,97,904,18,7,13,9,1,116,3,216,92,11,1,5,0,3,0,0,2,0,0,56,7,6,33449,55,5,4,9,99,0,1,137,9,0,6,7993,2249,26,1,0,4,7,23,23,0,25,14,26,4,68,64,62,1,1,4,51,165,0,15,14,8
43,40,0,6,59,28,19,127,67,36,3,0,46,24,132,3,0,0,10,0,213,43,14,140,74,0,166,67,0,10,30,9,0,0,11,0,10,0,2,0,765,1,0,9,45,9,10,0,221,2,0,8,46,1681,70,0,6,1,237,0,0,122,2,0,1,358,35,2,10,7,53,35,0,0,37,16,452,0,2,0,16,1,140,14,0,72,20,0,27,2032,1,0,40,3,19,0,0,1,5,3,0,14,23,10,154,4,80,9,0,3,1,4,1,0,32,20,2544,0,5,1,15,0,32,0,200,8,0
178,0,0,20,24,755,130,8,16,58,4,0,6,0,0,15,4,0,0,9,0,0,21,7,85,11,33,16,14,32,12,0,3,0,8,1,22,7,9,0,134,2,2,8,140,9,5,0,137,1,0,10,13,143,56,96,0,17,115,0,4,3,29,41,1,179,1,3,273,49,117,0,0,16,348,6,104,30,0,0,101,0,1,24,16,4,38,1,23,385,0,5,79,1,9,0,4,2,17,2,35,1,1692,3,10,1,21,124,0,70,0,421,0,0,45,8,1038,5,0,1,1,0,215,15,1549,10,4
158,72,0,5,7,57,87,159,0,96,0,0,34,25,281,5,7,0,13,17,1,76,10,184,1,0,49,25,0,15,2,23,64,2,6,9,0,0,6,445,1042,0,120,0,131,2,1,0,0,4,5,0,26,4933,0,5,0,5,229,1,33,21,5,0,32,130,343,3,6,40,59,3,0,6,243,0,15,5,0,0,40,0,137,1,13,26,20,1,17,112,0,0,12,9,229,0,0,0,1,0,1623,135,66,15,44,19,0,13,142,10,2,3,4,3,75,0,0,1,4,2,3,0,87,0,269,7,0
421,69,683,7,9,0,21,0,233,22,7,3,0,0,567,0,118,0,70,218,3032,147,1,131,4,7,69,14,30,1,9,19,10,0,10,0,19,97,54,81,11,0,142,0,114,0,9,91,46,0,2,1,21,734,9,14,0,15,919,0,20,977,352,74,1,0,50,8,48,2,21,16,1643,52,17,12,51,10,0,5,1,2,0,1,9,21,16,31,2,320,0,7,17,0,884,7,5,6,0,2,9,0,2,0,101,152,189,0,0,16,14,805,51,4,174,0,26,1197,0,29,80,0,0,20,592,0,22
10,76,0,20,162,31,99,0,4,0,0,1,1,31,243,7,0,28,1,0,14,1,0,25,5,0,251,0,0,21,13,39,0,0,3,21,13,0,18,0,6,2,66,10,3,11,0,6,0,0,0,1,9,29,0,7,0,0,323,0,0,109,0,9,1,0,27,1,0,0,0,6,4,13,966,30,108,30,0,0,0,0,12,214,8,4,2,1,0,3398,0,0,16,40,3826,17,0,0,3,5,40,0,1781,5,198,0,4,11,0,2,1,639,1,0,0,22,319,20,5,10,3,0,57,0,6,7,0
4,17,26,17,98,0,97,260,34,0,0,0,6,6,101,3,0,2,1,85,0,7,2,7,16,0,1149,7,1,19,10,0,0,4,4,0,0,6,23,1,42,0,5,12,2,12,0,6,23,0,6,1,29,3456,79,21,0,0,139,6,1,239,22,0,688,0,0,0,27,5,9,0,6,16,2,10,42,9,2,3,0,1,48,39,1,11,34,69,0,2218,0,85,67,14,1,0,9,0,2,35,27,43,216,3,34,0,141,2,0,10,3,1,328,15,0,8,11,6,9,24,23,8,28,11,309,2,0
22,3,6,8,231,0,48,147,467,1,1,1,1,0,49,60,8,3,0,0,3,654,0,0,1,4,0,32,2,8,9,1,6,0,9,0,0,13,4,62,12,0,0,18,4,26,0,11,5,54,7,14,5,10059,183,5,12,2,85,0,0,18,1,469,10,0,533,1,32,5,0,16,0,1,545,10,24,3,190,46,0,16,152,5,2,0,47,6,0,6347,0,8,17,2,50,36,23,13,0,0,0,0,46,57,98,58,19,0,0,10,9,116,3,6,0,12,15,0,0,0,0,0,0,6,783,0,6
679,8,101,0,0,0,77,0,12,7,5,3,0,1,121,0,0,34,1310,7,0,15,0,233,82,4,156,1,14,0,0,21,9,9,19,8,12,2,36,11,5,10,0,0,5,0,8,17,14,35,0,0,0,6,0,0,18,23,3325,6,0,22,89,217,71,14,534,1,4,23,0,0,17,15,92,0,5,1,0,21,90,2,0,12,16,10,187,64,0,2,14,9,0,17,88,13,6,5,1,5,0,5740,1,8,9,6,30,0,7,14,2,621,2922,42,505,0,0,55,2,7,0,13,62,1,144,3,2
26,32,6,0,51,0,30,15,900,0,0,0,0,0,98,0,0,0,157,0,237,10,0,28,0,57,19,0,0,0,0,1,1,1021,0,2,3,2,4,609,0,0,16,9,21,15,0,35,6,63,0,4,6,99,131,0,4,0,17,333,354,52,8,6,7380,0,180,0,1,0,0,416,0,4,8,5,0,0,6,0,0,0,7,0,0,7,0,0,0,762,0,0,8,0,182,41,0,2,1,0,171,1,423,5,75,0,11,0,6,0,0,23,0,0,0,5,22,720,0,6,32,3,14,7,25,0,11
38,18,1,0,120,0,2,0,60,14,4,1,2,0,237,10,0,1,26,0,15,3,0,9,15,2,8,13,15,92,8,2,0,0,14,9,1,57,8,0,7,0,78,9,29,7,8,13,0,0,3,1,0,137,0,26,2,2,112,0,1,75,0,475,1,0,1539,56,0,0,0,0,1,3,13135,4,43,31,0,0,0,0,161,6,12,10,14,42,0,2671,0,50,78,11,310,0,11,0,4,8,545,0,118,2,214,7,1,8,0,23,0,644,3214,21,11,9,19,1,9,0,0,331,34,0,299,1,0
43,20,4,8,0,145,11,4,16,15,0,8,0,3,50,1,7,0,0,27,0,0,6,35,13,21,25,40,9,11,10,47,0,8,5,117,23,21,3,81,27,55,0,0,30,0,8,11,0,1,6,16,9,2080,1,15,0,2,90,0,24,70,5,11,9,337,53,0,0,10,35,0,1,27,53,0,43,0,11,0,29,2,90,40,58,6,31,27,5,18,11,11,6,3,176,0,0,1,0,2,549,0,2,0,3,25,0,0,4,8,254,1024,3,5,1,0,2,1770,0,4,4,148,46,0,122,7,0
0,0,0,14,5,4,13,21,80,35,2,0,21,7,0,0,0,0,196,0,0,76,8,5,12,0,9,0,20,35,3,43,6,225,0,9,0,23,11,189,292,0,0,0,2,3,0,50,31,81,0,1,6,109,8,41,0,0,24,60,44,3,4,0,337,60,30,2,10,33,18,0,0,0,161,4,37,0,24,1,1,0,116,1,11,1,84,0,19,90,0,12,17,9,195,0,3,1,5,0,0,0,83,5,0,0,0,21,0,54,17,675,1,0,0,6,474,0,5,0,20,0,84,60,72,4,9
0,154,0,6,517,20,23,0,53,0,0,0,0,0,1153,0,1,0,220,0,0,0,0,0,3,2,5,0,2,5,0,32,0,2,0,33,0,5,0,233,58,28,0,32,0,19,1,3,0,53,0,0,0,86,14,21,0,0,35,0,7,0,0,2,2,1,77,8,0,3,2,0,0,0,374,38,0,0,0,0,0,0,0,5,5,0,0,3,5,18870,0,16,0,0,331,2,9,0,0,0,11,7,6932,0,24,1,0,0,0,1,0,7,27,4,0,45,0,780,9,0,0,39,8,1,12,0,0
0,18,6,5,325,12,14,0,0,7,0,0,1,1,27,7,0,1,4,11,0,8,5,10,15,4,111,120,0,20,0,175,12,0,0,0,13,0,5,2,15,354,3,44,12,16,0,0,602,3,0,13,9,3622,32,0,38,0,16,0,5,17,8,70,0,13,0,0,0,2,6,17,4,0,77,13,0,0,3,25,22,1,4,16,14,0,6,2,0,20752,5,0,8,0,1552,0,0,4,1,0,2,12,37,9,0,0,9,4,6,6,1,39,0,1,0,24,7,6,2,13,8,11,0,8,11,0,1
2276,10,0,0,12,0,12,20,272,2,0,5,0,0,25,7,30,10,49,0,3,2,0,0,19,0,1241,0,4,0,3,10,10,2,0,0,0,116,1,233,9,6,0,2,10,4,0,56,0,7,9,0,0,1882,0,0,0,42,32,4,47,255,105,47,101,8,103,0,8,0,1,20,60,4,458,9,1,0,0,20,3,3,2,0,0,0,7,18,0,302,0,0,3,4,1105,0,3,0,0,0,0,5,71,0,6,0,4,0,0,2,55,659,30,22,78,5,4,6,0,29,0,0,8,0,0,0,2
9,281,0,40,243,0,124,35,33,14,3,1,0,0,3641,0,0,2,0,1,1650,1,0,12,67,9,11,4,1,13,6,7,320,34,4,145,4,5,13,0,0,17,328,27,0,14,1,6,16,18,5,6,19,1557,3,24,1,0,101,6,0,140,0,322,58,228,1663,40,31,4,0,3,26,0,70,19,18,4,0,0,0,2,56,1,0,3,37,0,0,11337,49,41,13,31,5448,25,24,22,1,0,7,1,15,3,9,6,5,0,32,12,66,12,52,1,0,28,17,2,3,4,7,95,77,5,126,10,6
85,0,1035,0,24,10,9,0,151,14,0,0,2,13,0,0,52,0,5,32,54,129,4,6,4,2,3,0,6,15,0,15,0,0,96,6,0,0,4,0,163,167,0,8,69,0,4,25,288,0,5,74,35,252,2,0,43,7,415,0,5,15,68,801,0,12,60,0,67,1,39,0,106,1,38,6,3,6,0,13,0,0,175,1,0,14,19,4,13,835,8,0,40,8,24,0,0,0,1,7,0,202,15,9,26,2,92,0,0,2,1,9,1,4,3,9,7,12,1,0,71,297,76,5,231,2,0
0,28,0,0,28,0,1,0,0,10,0,0,14,1,90,1,0,0,1,31,0,10,0,0,36,0,43,9,1,0,1,19,48,0,0,26,9,2,6,30,122,0,36,7,12,3,3,29,89,6,1,60,1,1259,0,0,4,0,140,0,0,255,5,0,3,0,1961,2,28,0,13,0,439,0,223,4,7,0,10,0,11,0,18,632,0,0,7,2,4,1672,0,0,0,8,271,5,0,1,0,0,1,1,2,2,10,0,8,0,6,8,0,1398,544,22,0,13,5,10,0,2,3,0,14,4,34,1,1
0,86,0,19,54,447,0,0,0,1,2,1,2,0,801,5,0,0,3,0,0,0,0,0,0,0,25,11,11,4,17,6,0,4,0,196,0,0,0,6,8,10,23,8,0,15,0,0,0,160,6,4,2,679,0,64,0,0,0,0,0,0,0,3,1,67,90,8,0,0,0,41,176,1,52,12,115,13,2,0,18,8,19,78,0,0,42,1,0,2664,0,31,8,29,255,0,18,0,7,0,8,1,28,1,38,0,26,53,3,7,0,9,125,4,36,10,69,4,0,0,0,20,158,0,0,9,0
328,0,3,0,13,0,18,23,39,0,0,0,0,3,1,0,0,45,5,0,9,3,0,165,1,16,94,34,3,61,0,210,4,0,28,13,46,4,14,0,1,87,15,0,1,0,15,16,0,0,1,17,19,19,10,1,3,23,692,0,10,28,0,7,1,22,48,0,30,2,0,1,12,15,23,5,4,0,9,6,3,0,0,507,5,39,1,21,0,360,11,2,11,1,401,4,2,22,0,0,0,98,48,0,59,28,14,0,43,0,993,65,0,5,0,2,22,0,1,0,17,42,19,0,226,0,0
174,21,665,58,16,54,1298,213,0,44,5,5,14,116,161,5,11,109,1,9,0,246,13,1539,0,115,21,93,0,282,19,19,254,0,8,11,27,0,31,0,45,23,127,6,82,8,18,0,0,0,0,0,219,222,47,16,0,8,218,1,9,2,52,0,9,767,45,8,1060,68,14,0,1,0,11,3,107,0,0,1,11,1,5,1,18,53,50,0,8,211,489,95,222,57,156,5,23,0,16,1,0,10,221,0,1,10,367,11,337,17,5,1127,33,2,25,3,494,0,1,0,108,79,1393,15,1060,69,8
659,67,220,150,16,3,4,0,122,3,4,17,6,6,287,0,55,0,2,3,0,43,0,19,0,1,31,7,2,3,1,0,0,18,4,23,3,9,7,0,202,11,21,5,26,4,0,16,9,375,0,0,37,714,44,29,44,18,153,15,23,46,0,304,36,16,120,0,1,7,6,63,95,7,163,8,15,50,33,14,0,6,30,13,0,7,30,9,3,165,0,0,0,3,83,9,0,2,0,0,0,0,1641,0,19,95,5,0,0,38,0,251,92,10,26,8,12,0,0,0,54,9,14,10,56,0,28
11,17,7,5,425,0,139,59,191,2,0,0,0,3,144,4,0,25,4,0,0,0,0,9,0,0,1015,0,76,12,6,4,0,1,0,9,0,38,9,0,1,0,0,37,0,22,3,53,150,0,0,155,15,5,0,0,44,0,0,0,68,182,1,148,10,29,39,6,0,0,1,0,0,15,235,38,50,0,0,3,0,0,0,0,0,0,14,3,0,23711,0,4,1,32,82,0,0,6,4,0,0,62,202,10,149,0,30,0,0,0,40,940,43,6,136,44,96,0,2,19,0,6,42,0,1,5,0
5,4,39,7,48,0,0,8,0,3,15,0,2,1,24,1,0,0,38,8,29,43,10,2,41,4,22,18,15,0,1,0,66,0,4,74,12,4,4,124,1,0,0,22,25,7,0,9,0,4,2,0,0,246,50,44,8,0,59,0,65,71,124,0,1,0,12,3,97,1,7,45,0,8,2408,29,8,2,1,0,15,4,295,1284,0,0,61,0,0,1218,0,6,29,47,46,0,1,287,4,11,0,19,214,0,10,0,20,0,13,69,0,359,4,12,0,7,5,11,1,3,14,1,213,8,153,12,1
0,32,0,100,332,497,1,4,0,3,0,32,0,3,55,5,49,0,0,2,4,0,1,3,0,0,22,0,19,103,3,160,0,39,0,5,0,7,1,8,54,444,0,33,0,36,2,0,8,870,0,22,0,6,45,27,20,0,0,8,0,30,18,23,22,45,17,0,5,3,2,0,40,4,247,21,22,70,55,0,0,23,0,2,0,0,7,1,1,12790,6,28,28,0,1388,4,3,0,1,0,0,0,341,16,1,0,0,1,5,26,0,130,6,5,0,36,16,3223,6,15,8,0,42,15,5,1,8
22,2,0,14,6,0,3,41,820,0,3,4,0,0,5,0,39,6,5793,1,0,0,1,0,6,0,344,0,20,65,0,89,0,310,0,4,0,54,2,465,1,35,0,0,0,0,0,24,1,104,3,116,9,71,0,16,30,0,442,310,3,10,7,10,4053,3,38,0,15,1,0,0,0,39,466,0,0,1,5,0,0,1,10,0,0,0,211,1,0,99,4,3,41,0,53,3,2,4,3,0,0,294,1,20,7,0,0,15,31,13,279,75,0,8,8,0,82,0,3,21,0,10,78,0,0,2,6
54,1,0,86,2,0,22,1,137,1,0,8,13,33,5,13,1,14,1,0,0,34,10,0,3,1,2189,33,1,188,0,19,267,1,0,46,6,60,23,71,41,12,245,0,3,0,0,149,1,4,11,0,92,20272,0,0,36,5,117,0,530,141,1,10,4,47,299,3,17,0,9,6,521,10,9099,0,1,0,10,15,0,10,63,2,13,0,1,106,4,25,0,1,12,50,5987,0,0,24,8,1,1,1,400,0,57,5,0,39,0,0,832,12,7,17,0,0,18,1,0,17,1,193,235,4,55,26,2
60,10,0,205,13,0,20,0,810,28,2,1,231,13,59,0,7,7,69,3,0,8,3,0,46,8,1403,37,0,0,0,37,24,0,31,38,8,0,21,0,1078,31,25,1,641,0,0,5,0,1,0,0,1,139,0,14,0,6,637,0,0,16,5,30,1,100,17,9,97,1,78,9,631,0,117,5,6,15,0,9,88,0,0,18,0,0,34,0,38,170,42,6,19,2,177,0,1,0,0,5,1420,74,27,1,14,1,1,3,6,3,1,77,113,0,72,8,4,10,1,3,0,9,45,0,243,6,0
20,5,0,46,848,0,114,17,20,18,0,0,0,0,28,9,1,0,0,0,1,0,0,107,8,0,517,4,8,91,21,1,0,1,4,0,1,89,4,1821,14,2,14,76,0,93,10,4,32,0,0,2,28,161,1,5,50,1,187,0,47,833,0,12,1,313,11,2,5,11,0,0,28,20,2202,85,138,2,0,0,0,0,587,5,109,21,0,93,0,40329,0,14,10,2,13,6,3,9,9,0,1,39,6596,0,802,0,0,26,9,0,35,1007,33,41,24,104,679,0,0,6,0,6,23,0,46,0,14
139,26,29,4,33,16,34,0,0,2,0,0,0,1,31,1,26,0,58,15,1,4,0,87,1,0,265,4,0,42,0,9,50,0,0,11,0,0,1,18,0,54,12,15,0,10,12,18,2395,0,5,3,8,2430,2,0,83,8,31,0,8,178,240,293,1,34,61,0,6,0,0,39,208,0,41,24,0,0,7,8,31,0,2541,10,61,0,8,0,0,1887,35,0,21,1,500,41,0,182,2,0,0,2515,11,0,33,0,41,0,19,0,1,579,0,10,0,18,1,0,0,28,0,32,31,0,0,1,2
0,0,1,10,215,72,4,0,1,0,0,0,0,0,13,3,0,0,43,0,0,10,10,0,9,0,113,2,44,1,0,11,0,0,2,53,0,37,2,10,1,16,0,21,4,11,0,153,102,0,0,7,1,87,1,23,76,0,11,0,554,106,0,150,2,11,889,12,7,0,4,1,0,16,3367,24,12,10,0,0,0,0,21,9,0,0,13,1,3,13617,0,0,49,24,45,7,0,6,20,0,32,0,16,14,56,0,0,37,0,18,0,101,42,17,0,24,76,1,20,3,0,2,409,0,24,16,0
2,3,0,62,18,0,20,3,19,0,9,1,5,12,11,0,6,2,17,3,0,0,5,0,14,0,12,12,0,8,4,2,31,0,0,8,6,0,3,0,41,2,0,0,0,1,6,0,88,5,6,9,0,2754,12,17,13,0,5,0,0,29,0,49,1,30,34,0,44,0,5,0,17,0,768,9,14,63,9,2,0,8,21,1184,0,0,118,0,3,303,0,3,86,23,1346,1,3,187,1,100,0,0,162,1,10,2,2,0,0,96,5,29,0,0,0,4,39,86,4,5,11,1,75,1,20,6,0
0,485,5,0,10,0,5,0,2,5,0,0,7,1,1805,7,1,0,0,1,0,53,0,0,0,0,2,0,0,13,0,61,0,9,0,0,0,0,1,1646,48,139,10,0,28,2,0,24,0,0,3,12,12,362,48,6,4,0,8,3,0,0,0,1,33,0,7,2,0,0,2,329,620,0,105,0,3,0,19,1,0,0,2,196,0,0,26,0,0,262,0,18,3,14,1070,0,0,0,1,0,0,1,49,5,17,0,28,0,0,1,15,2465,2,0,0,0,1,2,25,0,6,4,12,35,56,0,18
36,19,611,0,242,0,18,0,97,19,5,0,5,0,183,1,0,16,1,29,0,2,0,10,24,3,0,29,36,7,0,6,976,3,2,11,0,0,2,0,34,156,14,36,2,36,0,0,0,1,1,0,0,109,33,0,28,1,4,0,0,0,19,82,2,3,46,17,20,0,0,0,10,9,2044,27,0,27,19,17,60,0,898,10,0,1,77,0,0,20839,0,0,0,2,604,2,0,0,1,0,1,0,1,9,19,5,23,0,0,19,4,46,43,0,4,26,0,1,1,0,57,25,25,18,20,0,6
0,3,14,59,2,0,74,0,3404,41,4,0,11,23,14,1,21,0,0,41,0,82,14,133,0,0,2,238,4,50,7,101,64,0,2,52,2,0,5,0,44,19,232,0,320,0,4,2,72,0,6,39,83,10583,63,15,11,0,306,0,0,1,0,532,3,129,32,1,0,5,108,0,0,0,239,0,57,0,9,26,129,0,50,6,22,17,107,0,8,55,0,63,111,25,665,0,22,0,3,61,2440,5,381,6,4,4,1,1,12,9,21,51,0,0,16,0,9,467,10,0,16,453,112,0,394,9,13
367,1,359,3,1,28,0,0,1,0,0,0,43,2,3,0,19,4,22,26,9,1,1,94,0,0,50,0,0,66,0,0,0,0,21,4,0,2,7,56,387,7,42,0,13,0,0,86,1221,0,1,0,41,122,10,0,17,15,1144,0,53,48,16,60,8,52,12,0,0,0,45,6,3,2,132,0,0,0,20,22,0,0,2,134,4,19,0,17,17,75,24,0,15,0,329,19,0,1,0,0,63,0,3,0,24,23,18,0,0,0,3,175,1,8,400,0,0,0,0,1,62,14,11,11,41,0,8
2,22,0,2,1,814,128,0,21,2,4,0,0,13,121,0,0,10,1,4,0,4,7,700,49,0,390,3,1,208,0,2,0,52,2,49,6,5,19,1,0,0,0,0,1,0,26,9,31,31,1,5,7,177,1,7,0,0,123,63,0,16,0,0,428,0,91,10,0,2,1,1,0,3,244,0,26,0,45,0,18,0,3,770,55,11,98,48,0,20,0,6,37,32,19,119,0,13,9,1,0,195,27,18,4,0,25,8,25,22,725,457,1,18,0,0,129,0,7,3,4,0,1510,6,0,37,0
36,13,1,51,1,0,17,1,3,0,3,4,225,188,68,0,1,0,2,57,0,78,15,20,18,0,9,134,0,3,8,31,11,7,16,79,10,4,32,491,2108,0,19,0,5,0,0,0,84,41,2,6,85,1589,329,10,0,1,1369,9,10,9,34,210,151,171,2802,11,4,20,36,5,0,2,1570,0,65,15,11,12,24,12,0,0,0,1,4,0,12,47,0,0,78,18,823,0,0,43,9,0,29,154,6,2,9,0,206,99,14,17,0,711,3,0,69,0,155,0,0,3,107,63,308,60,122,28,3
12,2,0,9,814,17,16,0,14,0,0,1,0,0,34,0,0,0,585,8,0,4,0,16,0,0,152,0,12,0,1,8,0,111,0,0,0,3,13,0,3,19,42,67,0,82,0,41,0,57,0,0,0,151,12,9,15,0,3,9,10,7,20,159,55,2,0,17,5,0,0,1,0,2,480,55,17,8,0,23,15,1,561,1,0,0,49,0,0,35611,4,3,8,30,11,1,0,1,0,0,80,4438,7109,9,7,0,32,0,27,27,12,65,8,9,0,102,11,0,2,0,14,23,43,1,1,3,0
16,9,88,0,562,0,0,1,53,1,0,4,0,0,30,1,26,0,3,0,21,1,0,0,63,0,2,0,6,5,0,0,0,2,0,0,0,0,0,13,0,0,18,43,0,39,3,19,0,14,0,0,0,4,0,2,0,0,5,0,11,1,6,6,2,0,0,0,2,0,0,51,414,1,631,47,0,0,0,0,9,1,2289,19,2,0,21,1,0,25207,0,6,1,1,4,3,0,0,0,0,50,0,623,1,99,0,0,0,0,0,1,1858,19,3,16,43,0,1,4,0,0,18,0,0,0,0,0
6,24,28,1,322,0,14,15,0,6,2,1,181,5,55,3,17,0,44,2,0,1,16,0,74,0,0,10,9,41,9,42,0,0,19,6,0,3,1,16,1134,104,98,27,3,22,0,3,22,0,5,14,10,2223,60,0,0,0,358,0,0,3,0,457,1,51,6,0,0,2,36,1,0,4,695,27,115,0,1,15,1,0,12,1614,0,3,16,0,19,14232,8,1,277,1675,70,2,0,0,4,67,0,0,42,1,11,0,6,36,0,5,29,52,0,0,0,25,109,14,15,0,66,15,30,0,603,10,11
56,13,150,243,51,3,14,1,1,33,2,21,389,113,49,0,8,0,3,0,120,328,93,21,0,0,3,0,0,101,25,21,0,0,80,34,0,0,0,3,5599,33,0,8,10,4,2,0,0,145,4,0,73,4243,55,121,23,2,7019,0,0,48,19,1344,1,107,731,28,165,11,227,1,64,0,817,15,431,1,45,117,0,32,64,1,9,7,43,0,104,1112,0,114,260,16,3239,0,57,3,17,13,0,0,53,4,18,5,17,26,0,1,15,69,0,0,0,12,698,0,4,0,30,65,1443,51,2254,60,9
160,9,0,75,12,5,32,1,30,5,0,6,5,16,188,0,8,0,3,0,8,5,0,34,1,4,396,0,3,8,5,0,38,0,4,1,11,32,32,0,298,5,668,5,89,0,4,18,102,4,0,1,4,200,0,102,38,5,232,1,20,315,0,2596,2,102,1175,53,82,15,6,50,64,19,61,0,25,18,0,19,0,4,1,4,4,43,129,37,3,387,0,78,5,0,13,0,11,0,0,31,17,13,4,0,38,2,0,0,0,3,0,134,205,28,49,0,5,9,34,4,0,61,10,0,654,1,34
0,2,0,46,4,12,32,0,0,125,6,1,59,76,3,1,4,1,1,2,2,3,7,99,4,5,0,18,8,38,0,4,31,1,6,88,0,0,1,0,940,8,120,0,369,0,10,9,20,1,6,60,0,903,201,59,3,0,320,5,0,0,57,139,100,510,48,0,0,39,88,20,32,0,115,0,3,4,41,6,8,1,95,74,29,12,103,2,23,164,9,11,8,15,1464,7,0,1,0,13,77,0,44,1,0,0,15,0,9,17,0,17,0,0,403,0,0,659,6,0,7,28,56,53,589,4,10
21,36,0,24,25,0,71,0,20,35,0,0,6,15,181,6,19,0,11,0,0,20,0,80,14,0,181,0,0,225,2,354,35,0,0,32,0,53,1,12,42,395,95,7,5,4,5,146,19,0,0,0,25,915,0,20,26,0,19,0,1184,16,19,170,11,216,341,7,32,0,1,54,140,6,158,0,33,1,28,0,0,0,1340,1,16,3,20,7,0,413,7,9,15,8,471,0,1,4,4,0,0,0,278,4,5,0,0,5,0,5,0,79,15,25,170,12,211,0,0,10,0,52,52,0,0,2,14
1,30,486,12,10,0,128,10,1,0,0,18,0,6,233,4,8,5,14,0,0,0,0,82,1,0,65,0,1,25,0,36,197,1,0,22,2,15,7,131,1,1,20,2,0,0,6,26,0,228,5,8,4,4273,0,1,0,0,17,1,2,231,0,44,59,28,3095,18,0,0,0,0,94,21,24,0,0,0,4,0,0,13,111,3,15,6,35,47,0,198,8,0,0,1,332,2,0,0,0,0,0,3,27,49,19,9,105,1,4,16,1,823,0,15,0,0,5,0,13,5,22,33,60,6,4,0,24
123,11,0,9,312,4,36,52,1178,9,0,0,0,0,25,2,2,29,0,3,19,0,2,0,14,17,156,0,17,3,1,44,0,0,5,0,2,236,5,0,0,0,1,33,2,22,0,36,416,2,0,366,8,211,11,12,12,4,81,0,0,216,0,20,0,9,14,4,21,0,1,0,12,30,204,35,14,4,0,0,0,0,0,26,0,0,10,26,0,14293,0,15,130,7,1403,0,5,55,5,16,0,327,69,12,20,0,1,11,5,2,19,108,197,60,0,32,37,2109,1,6,0,0,28,0,222,2,1
0,18,0,27,407,0,135,17,0,0,1,0,1,0,67,14,0,1,5,0,6,0,0,4,0,1,14,0,0,17,1,0,0,1,0,3,0,3,0,0,1,72,30,33,0,56,0,20,0,10,3,1,9,862,0,13,0,0,0,0,2,1,0,0,1,37,90,2,4,0,0,0,78,0,130,41,0,0,3,0,0,0,5,8,0,0,4,27,0,16232,13,41,18,18,8,0,13,87,1,7,0,14,750,39,5,1,3,0,0,0,0,5,0,9,26,47,10,0,0,0,0,1,24,0,7,0,20
4,0,0,0,69,305,6,0,0,0,1,2,1,4,20,1,0,71,0,0,32,42,0,9,41,2,10,129,0,0,0,1,748,1,9,0,34,0,11,6,78,265,37,18,20,13,4,76,381,1,0,0,0,46,62,4,32,0,538,2,2,5,4,997,14,4,30,3,5,34,0,0,6,0,1044,11,0,0,17,4,55,2,46,3,38,2,43,0,0,1326,0,0,0,0,897,8,0,86,0,3,27,5,528,3,38,0,27,6,11,28,0,3,0,1,0,10,0,2,0,0,12,229,6,28,1038,0,2
721,35,110,48,32,0,4,7,1,33,0,0,0,36,163,0,0,1,2,0,0,1,0,0,5,0,49,52,36,17,4,46,0,5,23,73,0,8,10,0,5,1,0,2,23,3,0,0,0,1,0,14,0,167,0,21,0,22,652,0,0,112,46,120,1,0,41,0,0,29,2,20,0,35,816,7,23,0,7,6,0,0,68,4,3,1,7,3,1,742,0,29,0,1,213,0,0,0,0,0,0,0,75,7,19,0,0,0,0,4,1,49,4,0,0,2,24,8,1,8,5,222,88,3,329,6,1
947,50,7,0,81,14,36,5,7,0,0,10,0,0,725,0,326,28,7,1,2,6,0,0,56,17,0,9,0,4,0,16,8,0,12,35,0,23,1,0,6,36,215,12,0,11,0,5,0,3,7,3,12,1838,7,0,5,28,1275,4,0,25,5,119,12,341,194,9,0,0,0,8,44,11,164,14,0,0,32,70,98,7,0,1,0,0,20,20,0,2365,84,2,19,41,1036,127,0,0,2,2,0,51,33,4,5,169,7,7,89,0,922,184,6,31,0,21,0,287,4,0,4,44,11,21,710,1,0
466,11,4,1,92,23,64,1,5,6,0,33,13,6,72,6,0,0,27,0,0,2,6,22,4,0,1,0,8,4,0,206,100,0,0,90,0,34,1,3,71,463,0,13,2,11,0,6,12,69,0,0,0,225,141,0,13,19,3,0,12,5,0,282,0,3,1,4,0,18,3,1,0,11,285,12,0,0,10,0,22,21,2,8,11,0,10,20,2,1902,6,11,22,1,48,0,0,4,3,0,2,19,4553,12,0,0,0,4,11,12,406,21,1013,35,0,24,0,0,41,0,3,49,90,8,4,1,1
615,8,624,36,0,214,84,0,1735,0,3,0,2,5,79,0,47,2,1,25,1,19,13,160,19,4,5,30,8,70,0,88,0,0,0,62,4,5,6,0,145,67,64,0,9,1,16,12,239,0,10,17,36,4916,0,16,40,11,10,0,0,23,7,868,1,14,137,0,28,13,5,1,15,36,1179,0,2,12,34,10,31,0,31,1145,54,12,17,20,13,23,0,6,44,27,1211,0,0,1,5,0,154,10,22,10,33,134,2,5,0,19,0,33,30,4,1128,0,30,976,0,3,29,187,195,2,14,8,3
10,33,2,0,19,0,21,19,79,4,0,0,11,11,308,1,0,3,36,4,0,59,3,3,2,0,11,0,26,0,9,4,0,68,4,8,0,7,8,270,33,5,9,4,99,7,0,25,0,139,0,11,35,128,112,15,16,0,1,28,76,18,9,91,374,1,243,8,11,3,4,84,36,2,407,5,38,4,1,0,0,2,1,0,0,0,23,0,0,371,0,36,253,23,29,0,0,16,16,2,263,14,429,1,116,0,15,109,0,31,12,12,438,0,0,13,199,155,0,0,7,8,158,24,128,10,5
128,31,0,32,63,6,72,0,131,0,0,1,6,37,431,1,1,4,1,79,1,0,14,858,0,4,13,51,1,370,9,21,5,0,40,51,0,7,38,3,50,0,29,8,1,6,34,46,36,0,8,137,178,1626,0,23,0,7,587,0,38,18,0,60,1,14,139,0,0,2,15,54,1,19,299,1,68,6,58,0,0,2,0,2,13,72,24,2,2,1604,0,36,148,12,5716,35,2,57,7,5,10,6,55,24,6,8,0,17,8,0,9,113,1,0,29,8,35,17,2,4,15,15,218,4,47,15,0
65,31,1,6,55,987,31,0,46,0,0,1,4,0,114,1,7,5,1,0,10,20,11,0,0,9,46,0,0,8,22,43,0,7,1,6,0,0,9,13,49,0,0,8,0,22,0,0,2,4,0,2,53,57,0,53,1,2,116,2,0,42,0,1,7,0,15,0,26,0,7,0,0,0,24,13,163,26,0,0,0,1,1004,51,0,0,4,0,13,850,1,14,204,13,1841,2,1,4,6,8,0,45,1508,0,5,10,74,7,35,7,13,218,6,0,3,14,54,0,0,4,11,0,59,0,14,5,0
0,13,0,0,349,0,12,0,5,0,0,0,0,0,60,0,0,0,38,0,0,2,0,28,43,7,2,0,0,30,1,0,37,1,0,0,5,8,0,0,1,0,0,37,0,15,12,20,53,1,0,0,0,2,0,0,1,0,0,0,3,4,0,13,2,3,47,7,11,0,0,0,122,2,183,32,11,0,11,0,0,0,1,4,38,0,1,8,0,16119,0,10,10,26,5,33,10,1,0,2,1,0,116,0,0,67,0,0,2,0,0,1038,46,3,0,22,1,0,0,0,2,0,11,0,7,0,0
120,20,6,0,455,9,30,10,753,0,0,0,0,0,174,0,10,8,22,0,369,0,1,0,0,0,9,0,32,0,1,0,0,36,0,5,0,79,9,283,0,1,0,43,0,32,0,26,0,52,6,3,5,1831,0,0,0,6,31,14,7,115,0,0,41,29,127,1,3,0,0,0,0,4,198,39,14,0,0,0,0,1,1437,76,0,0,3,2,0,18488,1,6,24,66,1,14,0,0,23,6,1,0,1124,1,17,0,0,10,0,0,0,3,215,9,4,36,12,1,4,0,0,37,502,0,0,15,0
90,1,0,102,107,17,64,6,204,1,19,1,3,15,20,0,1,0,21,0,0,208,11,10,1,65,101,4,0,0,4,82,0,0,13,0,5,48,9,408,113,24,6,23,14,13,1,64,164,0,2,11,0,345,4,49,0,6,84,0,325,53,1,70,1,12,210,7,467,0,10,17,0,4,80,16,24,30,4,0,5,1,4,2,0,0,334,96,8,2834,4,6,0,15,278,0,0,6,0,5,213,5,455,7,5,1,0,1,25,85,0,145,1,18,36,13,16,1,8,5,0,0,18,1,2671,1,12
0,49,1,5,323,0,10,0,14,0,3,0,0,0,130,6,5,0,35,0,159,1,0,1,2,17,11,12,12,16,3,26,3,0,0,29,3,0,0,19,0,42,0,42,0,36,0,0,1,0,7,0,14,2207,95,15,54,0,33,0,74,200,18,227,1,0,38,0,0,0,0,48,130,4,175,43,11,1,0,0,0,0,200,1,0,0,7,9,0,20847,1,3,13,4,323,11,2,0,0,0,0,0,3,0,113,28,6,0,2,15,19,57,9,9,0,35,18,105,1,3,1,25,15,0,0,0,2
473,12,12,2,146,33,34,151,44,30,11,0,1,6,17,5,0,8,0,1,11,0,13,41,42,18,9,1,0,60,46,1,235,0,15,0,49,33,13,3,16,6,3,12,15,9,6,15,0,0,0,12,17,6,257,21,0,20,744,0,0,9,77,0,10,113,0,0,73,4,6,1,0,9,29,24,416,24,2,0,22,0,0,210,55,2,86,33,6,4268,22,42,267,21,28,3,5,16,10,0,5,0,599,0,3,0,484,42,22,15,78,86,0,16,0,29,2058,1640,0,0,15,2,124,26,1499,14,1
2346,10,0,3,9,0,12,0,25,1,0,0,31,28,12,1,51,14,1,2,1,0,1,90,0,0,2167,9,0,39,0,130,0,82,6,1,0,0,2,8,1184,9,371,0,1,0,0,30,6,10,0,22,0,221,0,13,24,40,201,139,0,41,0,22,6830,12,0,3,0,3,24,0,7,0,9,0,3,0,68,1,3,0,188,0,14,23,33,18,19,312,4,7,3,0,95,16,0,0,0,0,46,187,0,7,4,0,0,1,0,0,13,114,0,2,144,0,0,0,0,7,9,21,10,20,51,0,9
30,76,14,10,7,0,9,10,0,0,5,0,1,0,241,2,15,0,14,0,0,80,17,8,48,25,991,11,1,14,0,66,0,0,0,0,1,13,0,231,1,77,0,0,41,1,0,20,142,0,2,1125,8,617,16,33,1,4,0,0,119,84,0,31,24,20,449,5,13,0,10,18,73,1,521,0,4,1,1,0,2,1,482,24,30,0,34,1,4,78,0,7,28,16,118,0,0,0,3,2,28,6762,31,15,65,2,0,5,19,27,2,70,184,6,68,0,17,5,3,14,0,160,122,0,18,6,4
767,20,0,195,31,1127,7,60,530,28,0,13,4,52,147,0,11,0,1,61,2,15,6,9,0,0,2,0,9,10,2,5,0,0,0,231,0,3,1,0,54,6,8,4,39,6,0,3,13,1,3,13,0,475,0,136,0,17,22,0,0,15,16,125,0,248,112,2,215,25,21,0,1,0,101,4,22,199,19,0,0,9,0,25349,0,0,1,0,8,558,6,41,84,0,1348,0,8,6,3,2,0,5,96,0,20,0,0,0,14,6,0,211,5,0,29,5,32,331,0,0,0,18,781,7,11,19,8
177,59,0,216,0,1,93,2,134,6,9,1,71,22,561,0,0,0,0,18,0,80,18,248,29,12,618,33,0,26,0,184,491,0,0,24,25,1,19,22,681,0,65,0,5,0,35,6,0,0,3,4,33,846,36,6,8,5,174,0,40,32,33,0,10,6,101,22,4,11,45,10,0,0,371,0,0,0,133,13,1,0,3,42532,3,14,98,0,21,2,1,12,35,10,3696,21,0,0,0,2,0,0,17,0,70,177,32,0,20,52,1455,80,0,0,8,0,0,0,8,4,45,0,46,87,230,8,18
24,0,0,24,36,0,15,10,24,0,7,8,0,15,4,1,0,0,4214,4,0,18,0,125,11,0,851,6,0,88,3,1,0,0,1,0,17,0,8,0,17,2,1,7,0,0,11,1,0,869,3,0,5,600,0,35,0,0,262,0,0,42,0,14,0,88,5,0,45,4,0,0,16,4,2635,2,21,10,3,0,0,24,12,13,13,5,229,78,0,1286,0,92,25,3,1008,0,32,0,2,19,1,194,29,0,6,0,0,0,4,18,0,31,333,8,624,0,42,0,4,2,0,0,41,0,96,6,0
43,0,0,17,29,0,166,46,13,0,0,0,0,5,7,1,0,59,10,0,41,0,0,30,3,8,42,19,0,8,1,109,0,11,13,67,0,1,5,17,1,1,2,11,2,9,0,119,1,1,5,0,10,2511,1,24,0,4,340,6,76,60,1,2,56,0,32,0,0,13,0,0,2,7,28,7,9,0,0,6,1,0,21,14,1,5,6,12,0,999,0,46,4,17,1171,6,2,6,1,29,1,2,57,1,3,1,0,0,11,0,1118,18,5,8,0,6,17,89,1,6,1,33,72,0,22,1,0
3,0,0,0,0,61,0,8,0,12,0,19,44,17,0,4,34,0,2544,0,0,30,0,35,1,0,55,0,0,21,1,9,0,1,7,0,0,4,2,287,279,0,11,0,68,0,1,3,12,167,4,2,7,2049,2,3,9,0,1105,1,0,289,3,11,13,51,1,0,7,0,32,0,5,3,770,0,13,0,3,2,0,47,2,11145,7,5,5,82,12,10,0,15,11,1,3,0,15,0,0,4,88,0,1,0,27,0,1,0,0,0,10,181,17,23,14,0,0,59,1,11,0,5,0,0,879,0,0
46,25,49,6,3,5,22,27,504,8,1,0,13,10,53,2,19,0,0,12,0,6,3,32,27,24,72,0,2,130,1,0,165,0,2,165,9,3,7,26,117,0,0,0,6,0,0,7,16,0,0,11,81,39,42,15,4,6,50,0,0,1,65,11,0,0,314,4,0,5,27,0,0,3,1457,6,16,0,7,6,16,0,0,2,19,1,24,0,12,71,0,21,121,9,496,0,2,0,7,0,314,107,44,6,2,17,11,15,2,5,5,277,0,3,0,2,204,0,2,4,27,76,293,14,143,10,0
15,0,0,28,52,5,0,22,0,0,0,1,0,10,0,0,38,0,1,0,0,2,2,34,2,2,14,0,3,11,2,64,1454,517,0,208,0,0,2,0,6,3,17,5,0,4,1,2,98,117,2,39,24,179,8,16,35,0,93,190,128,6,0,88,5888,109,121,0,12,0,3,0,38,1,355,9,13,0,5,4,0,2,36,1,0,0,33,8,0,1481,2,70,18,16,2696,0,3,3,2,4,6,4,56,5,4,0,0,0,19,0,42,251,21,6,0,10,5,0,5,0,0,12,105,0,36,4,0
9,60,0,4,243,0,137,0,537,4,0,1,0,0,160,14,0,0,1,0,5,1,0,202,3,12,7,0,0,204,0,0,47,8,3,0,5,1,6,0,0,0,0,38,0,17,5,0,0,5,3,0,3,96,0,0,8,0,6,2,1,8,0,11,4,17,0,0,81,0,0,66,69,2,591,26,0,0,0,0,0,2,7,6,7,6,63,6,0,12970,0,1,3,1,183,0,0,0,0,1,11,11,16,0,0,5,0,0,0,2,7,891,0,4,4,22,13,0,5,0,8,1,3,0,38,0,3
0,41,0,33,45,32,9,0,0,0,9,0,0,9,37,4,1,0,1,0,0,2,4,31,13,7,195,22,0,39,0,16,10,1036,0,62,0,0,0,27,1,1,33,11,0,9,8,0,0,766,6,0,26,411,0,71,0,0,4,395,3,5,0,1,5126,67,30,0,0,0,0,66,12,2,31,0,3,4,8,0,5,1,0,1,16,0,220,0,0,1345,0,4,8,10,149,3,5,0,9,0,0,0,61,3,89,0,2,3,0,39,25,264,0,5,2,4,46,0,1,9,5,12,550,0,0,15,0
185,44,0,5,11,28,10,5,208,0,7,4,5,4,394,7,27,0,66,2,4,3,0,52,5,5,5,14,1,25,0,0,0,0,7,0,4,16,11,87,74,0,5,10,0,0,0,8,124,8,0,4,0,12,10,1,3,13,46,0,2,50,9,0,1,0,201,8,23,1,12,0,24,2,193,0,4,0,29,2,0,6,0,7,0,3,171,7,8,233,0,0,10,0,44,0,0,9,0,0,0,3,130,0,74,0,23,0,0,38,7,1520,227,27,166,0,2,0,17,0,0,0,1,8,50,0,20
684,14,10,44,133,287,46,32,171,0,8,0,0,5,58,4,8,0,2,0,0,4,0,0,0,12,194,0,10,18,2,51,3,7,0,15,0,5,17,0,5,23,0,13,0,10,3,0,0,7,1,0,37,1939,14,10,0,12,23,3,0,15,0,26,15,178,26,0,5,0,0,3,12,16,223,21,10,1,0,0,0,0,27,0,9,2,73,0,0,6401,13,6,57,0,4,0,4,3,8,0,0,0,91,21,3,0,0,9,0,8,34,0,39,0,0,28,99,631,0,48,11,10,55,0,1,7,0
64,2,43,4,35,279,709,1,18,13,3,0,2,0,22,0,0,8,0,11,0,7,8,62,8,7,8,0,0,98,3,6,8,4,0,2,0,0,5,31,31,0,28,7,245,16,3,71,0,11,0,0,6,14,0,16,2,4,44,0,157,0,2,0,26,56,0,0,35,3,78,0,12,0,24,37,26,0,7,0,4,2,150,55,34,56,61,0,9,1223,0,19,10,4,3,6,9,0,3,0,0,53,4,0,16,36,0,1,0,37,0,1,3,0,14,9,14,44,12,0,29,3,149,0,84,3,6
13,10,0,6,1,12,80,35,77,8,0,2,3,6,34,10,0,26,1,3,1,54,0,2,1,34,70,0,5,0,13,13,41,0,0,7,5,39,11,2,11,1,276,0,98,0,0,86,7,0,0,9,2,19,1,0,6,1,23,0,0,103,8,8,1,20,194,11,95,0,6,0,94,19,315,0,70,2,0,23,0,3,11,121,5,0,5,73,0,72,18,3,38,16,1373,1,0,2,4,0,0,0,17,0,25,81,17,3,39,0,0,4214,15,34,14,0,55,1043,0,35,0,0,44,0,171,9,26
67,52,31,18,65,0,4,2,0,4,0,0,0,0,70,0,37,0,22,0,48,23,3,0,0,0,297,76,3,16,0,4,1,0,0,0,0,1,3,52,16,26,68,14,1,8,0,6,6,1,1,380,69,734,74,6,58,6,136,1,52,150,0,371,19,267,46,0,17,0,3,7,142,0,14,10,41,0,0,11,0,0,82,1,3,0,3,3,4,1591,0,0,15,81,925,2,0,0,5,3,5,0,165,10,49,3,0,6,0,3,13,327,0,0,0,6,99,6,22,13,4,376,16,18,147,2,3
60,13,232,0,236,0,98,2,121,37,0,2,0,0,34,1,9,0,1,15,3,0,0,12,16,28,39,0,10,105,0,0,0,0,6,0,1,24,5,117,0,0,0,20,8,28,1,70,0,2,3,1,1,23,1,0,0,1,72,0,2,40,11,0,4,37,214,0,12,0,0,0,1,7,21,36,1,0,0,0,0,9,146,69,23,0,0,29,0,9193,1,8,2,0,51,0,30,0,0,0,112,0,525,8,7,0,0,0,0,0,0,75,5,7,6,35,0,1,1,4,0,0,4,0,3,0,8
9,3,0,38,7,7,36,27,77,0,4,1,6,3,4,1,21,0,529,0,0,9,19,14,5,300,1,96,0,94,0,15,301,0,0,10,1,0,0,56,170,1,13,0,8,4,0,0,27,16,0,0,15,11,30,149,1,1,49,0,2,0,30,1,2,50,0,2,119,6,30,22,0,1,668,0,0,21,147,8,0,4,42,7,2,0,49,0,18,162,21,28,502,0,162,1,12,0,3,0,26,1,2,0,27,0,0,14,76,36,0,475,0,1,0,0,25,1,0,0,64,41,111,81,872,7,0
0,58,1,41,30,1,38,0,3,5,0,0,5,21,267,1,0,22,2,41,28,0,0,11,3,0,11,0,4,10,0,4,6,10,24,71,5,22,20,507,23,5,13,4,0,3,0,105,0,1,6,63,0,661,2,62,0,0,654,0,0,23,0,81,4,0,286,8,6,17,0,3,0,9,21,0,12,19,47,0,0,0,0,5,0,2,5,118,0,668,0,34,2,0,4446,23,1,0,0,0,1,9,119,5,10,0,18,0,0,7,1,42,23,64,0,0,0,0,0,0,7,42,35,219,187,0,12
4,91,0,0,33,4,29,0,51,0,0,0,0,0,308,12,10,38,1,0,4,20,7,0,48,2,59,43,0,49,11,10,5,56,3,0,0,0,1,120,1,63,0,1,1,7,11,8,1066,1,0,2,33,60,0,4,9,0,74,127,0,12,0,518,5260,15,125,0,7,0,0,3,313,0,51,0,223,1,0,0,0,0,379,1,7,1,1,10,0,406,6,1,40,377,47,7,0,1,14,17,0,927,473,6,2,0,0,19,7,7,3,226,286,33,28,9,422,1,6,2,0,35,58,0,19,2,10
10,593,1,25,43,21,9,0,10,0,0,3,16,26,771,2,2,1,5,0,125,8,2,134,0,1,7,45,0,27,0,27,286,0,0,186,1,0,3,0,60,197,63,13,1,6,27,2,168,1,7,10,9,2474,24,31,41,0,21,0,2,33,4,120,0,102,0,0,1,0,9,276,327,8,2,17,3,1,25,0,0,6,4,848,5,4,73,0,1,1671,0,9,8,0,6109,0,7,15,0,0,28,0,28,1,87,3,0,0,1,63,43,673,2,2,38,10,6,10,25,1,29,131,65,0,7,0,6
476,94,3,4,20,145,3,1,0,20,0,0,0,0,357,0,33,0,0,51,95,0,1,395,97,0,230,29,0,24,5,158,338,1,24,2,3,6,25,97,6,51,45,0,26,5,17,0,0,16,0,26,41,1,11,11,8,20,1719,1,172,35,89,60,21,16,0,0,0,13,4,86,0,0,0,7,25,0,63,20,1,4,0,25,31,19,8,5,0,180,6,29,32,1,341,14,0,4,2,11,628,17,76,26,2,4,17,22,14,11,0,731,42,3,7,2,15,538,0,19,1,15,6,3,824,0,0
0,38,0,84,155,8,0,11,1943,0,2,1,0,9,153,2,20,1,0,0,4,156,6,10,0,14,50,0,0,106,2,43,357,0,0,26,11,515,7,97,0,21,0,10,1,9,16,30,211,8,8,0,8,4444,4,106,8,0,43,0,0,48,0,133,0,6,1416,0,81,1,0,0,12,53,11,7,10,68,0,0,0,1,3,0,58,0,35,522,0,1465,0,36,77,0,1037,2,15,102,1,12,0,5,2554,0,33,0,0,7,1,16,5,2,13,181,1,19,89,866,1,5,0,47,22,0,31,0,0
421,13,2,43,11,209,25,11,178,0,0,0,11,1,34,9,10,9,3,0,293,5,2,31,69,2,6,1,0,11,10,5,4,5,150,0,14,0,3,14,81,74,1,1,0,2,2,2,151,6,0,0,9,113,21,50,15,20,4728,1,156,4,0,203,18,40,6,0,5,2,8,20,19,0,2,0,62,9,1,73,5,0,40,45,53,60,29,0,4,161,9,3,20,9,20,0,0,2,0,28,26,1,119,0,35,103,1,10,0,16,47,2,0,5,24,0,28,0,4,0,10,13,12,14,3156,1,1
70,14,6,24,12,68,12,6,0,0,0,0,1,1,29,3,0,7,17768,1,24,60,4,0,32,3,2,0,0,13,6,1,7,0,9,0,9,1,13,0,3,75,0,0,1,6,2,5,59,4,0,0,1,76,0,0,6,5,52,0,0,0,29,7,0,50,0,2,1307,0,0,27,0,0,43,0,39,45,0,44,15,0,62,6,0,0,35,0,0,342,0,2,47,18,1037,0,0,4,8,12,0,11,17,0,0,0,8,54,3,13,0,317,0,8,0,0,190,4,2,0,11,29,62,0,1184,2,0
792,16,0,3,12,468,0,0,24,0,3,2,4,8,148,8,88,0,1,0,0,273,2,345,25,2,1,20,2,47,0,8,0,0,3,22,16,10,2,0,26,0,58,0,10,0,15,8,13,50,2,53,2,157,0,0,14,26,43,0,0,22,0,11,1,0,1546,2,1297,0,1,1,215,0,2329,0,0,1,49,26,0,2,123,804,0,23,18,1,3,169,2,17,20,0,71,0,1,4,0,0,0,0,17,16,8,36,0,0,4,0,12,3561,604,0,8,4,12,0,2,0,17,34,42,0,114,2,13
79,0,209,0,169,0,52,0,17,51,0,25,0,0,1,0,43,7,0,8,0,1,0,28,20,0,2,20,8,18,1,125,14,0,8,2,10,3,0,40,80,114,469,25,13,14,6,11,23,2,4,0,0,1025,0,0,0,2,955,0,0,8,15,0,1,150,129,0,14,3,5,0,0,3,77,11,7,0,95,6,63,15,2,3,0,9,10,13,6,6674,37,1,3,59,1170,27,0,0,0,5,11,0,528,6,6,17,1,0,21,0,19,218,0,9,162,37,1,23,12,0,19,18,3,0,690,0,17
111,27,8,0,270,0,10,23,0,4,0,0,0,2,62,3,0,1,19,20,24,0,2,0,0,0,39,9,28,0,0,5,27,23,0,6,5,15,1,0,0,12,0,23,0,15,0,27,14,28,1,0,3,289,1,3,4,2,9,2,0,90,0,26,8,130,29,0,6,1,0,0,66,20,121,13,0,26,0,2,4,0,1,1,0,0,17,0,0,11343,5,0,10,0,72,5,0,55,1,0,0,0,629,0,4,0,2,0,2,9,0,154,11,4,1,44,4,0,3,6,2,63,68,28,0,0,0
5,150,201,23,10,32,3,3,9,4,0,0,42,5,532,4,0,0,1,9,0,45,0,0,0,0,59,1,0,0,2,4,8,0,1,2,0,0,0,0,423,122,16,7,3,1,0,90,69,0,1,2,1,2587,15,3,22,0,32,1,1,11,18,15,9,10,505,8,0,1,37,308,3078,0,485,4,13,0,10,5,22,0,28,998,0,0,0,0,9,360,6,18,2,3,1059,12,2,3,0,0,0,0,20,0,3,0,9,5,26,0,0,750,0,8,40,0,2,2970,0,11,6,9,4,10,18,0,18
2,0,1,51,70,184,53,27,0,12,0,4,5,5,1,1,2,29,13,14,2,21,0,0,51,51,3,8,0,0,14,6,0,1,9,0,0,2,12,0,29,0,0,8,13,15,0,29,5,12,0,20,0,255,4,6,0,0,39,0,0,29,0,53,2,0,28,5,17,14,11,1,10,1,98,2,36,113,4,8,12,3,4,1,0,0,19,1,2,1895,1,3,0,0,132,0,0,6,0,0,16,31,287,4,0,97,89,0,1,2,0,125,688,0,0,11,38,0,0,0,6,6,0,9,174,0,0
146,23,32,0,39,0,160,153,1446,0,0,4,0,2,173,1,1,0,14,10,2,0,0,74,3,0,6,0,0,167,3,79,0,6,2,44,0,2,3,0,1,13,24,13,2,11,0,129,212,16,0,0,29,178,79,7,0,0,61,5,0,0,4,9,105,18,52,4,0,0,0,0,27,0,795,10,8,0,27,0,36,6,0,1,0,4,33,0,0,1224,3,13,1,21,673,1,0,246,3,1,0,204,28,0,1,18,306,0,2,0,514,2,0,4,0,16,5,70,0,0,105,0,265,4,4,8,1
8,60,0,2,50,1,9,0,569,0,0,0,0,7,274,0,58,10,2,0,63,0,0,3,0,26,102,72,0,108,1,0,1,8,1,0,6,219,1,0,1,13,44,7,0,0,0,81,0,1,0,26,14,17,0,42,9,0,75,6,58,15,9,0,92,0,719,3,3,0,1,182,2358,35,817,8,15,3,0,1,0,0,0,1,16,2,47,186,0,1266,3,24,9,0,59,6,1,7,1,0,12,19,11,70,0,13,2,0,0,0,4,128,1,32,0,1,4,116,143,5,0,22,7,0,47,1,0
